1543,307.0004345,0.00181159420289855,2.36494923130575E-115
1720,307.0004345,0.00181159420289855,1.18247461565287E-115
1774,307.0004345,0.00181159420289855,7.88316410435249E-116
1781,307.0004345,0.00181159420289855,5.91237307826437E-116
1830,307.0004345,0.00181159420289855,4.7298984626115E-116
1859,307.0004345,0.00181159420289855,3.94158205217625E-116
1881,307.0004345,0.00181159420289855,3.37849890186535E-116
1888,307.0004345,0.00181159420289855,2.95618653913218E-116
1902,307.0004345,0.00181159420289855,2.6277213681175E-116
2008,307.0004345,0.00181159420289855,2.36494923130575E-116
2033,307.0004345,0.00181159420289855,2.14995384664159E-116
2047,307.0004345,0.00181159420289855,1.97079102608812E-116
2050,307.0004345,0.00181159420289855,1.81919171638904E-116
2063,307.0004345,0.00181159420289855,1.68924945093268E-116
2077,307.0004345,0.00181159420289855,1.5766328208705E-116
2083,307.0004345,0.00181159420289855,1.47809326956609E-116
2095,307.0004345,0.00181159420289855,1.39114660665044E-116
2096,307.0004345,0.00181159420289855,1.31386068405875E-116
2118,307.0004345,0.00181159420289855,1.24471012173987E-116
2135,307.0004345,0.00181159420289855,1.18247461565287E-116
2180,307.0004345,0.00181159420289855,1.12616630062178E-116
2193,307.0004345,0.00181159420289855,1.07497692332079E-116
2212,307.0004345,0.00181159420289855,1.02823879621989E-116
2252,307.0004345,0.00181159420289855,9.85395513044062E-117
2354,307.0004345,0.00181159420289855,9.45979692522299E-117
2375,307.0004345,0.00181159420289855,9.09595858194518E-117
2436,307.0004345,0.00181159420289855,8.75907122705832E-117
2453,307.0004345,0.00181159420289855,8.44624725466339E-117
2489,307.0004345,0.00181159420289855,8.15499734933016E-117
2503,307.0004345,0.00181159420289855,7.88316410435249E-117
2525,307.0004345,0.00181159420289855,7.62886848808306E-117
2559,307.0004345,0.00181159420289855,7.39046634783046E-117
2561,307.0004345,0.00181159420289855,7.16651282213863E-117
2634,307.0004345,0.00181159420289855,6.9557330332522E-117
2685,307.0004345,0.00181159420289855,6.75699780373071E-117
2720,307.0004345,0.00181159420289855,6.56930342029374E-117
2757,307.0004345,0.00181159420289855,6.39175467920472E-117
2785,307.0004345,0.00181159420289855,6.22355060869934E-117
2786,307.0004345,0.00181159420289855,6.06397238796346E-117
2818,307.0004345,0.00181159420289855,5.91237307826437E-117
2827,307.0004345,0.00181159420289855,5.76816885684329E-117
2847,307.0004345,0.00181159420289855,5.63083150310892E-117
2935,307.0004345,0.00181159420289855,5.49988193326918E-117
2943,307.0004345,0.00181159420289855,5.37488461660397E-117
2970,307.0004345,0.00181159420289855,5.255442736235E-117
2994,307.0004345,0.00181159420289855,5.14119398109945E-117
3020,307.0004345,0.00181159420289855,5.03180687511861E-117
3021,307.0004345,0.00181159420289855,4.92697756522031E-117
3030,307.0004345,0.00181159420289855,4.82642700266479E-117
3105,307.0004345,0.00181159420289855,4.7298984626115E-117
3108,307.0004345,0.00181159420289855,4.63715535550147E-117
3238,307.0004345,0.00181159420289855,4.54797929097259E-117
3250,307.0004345,0.00181159420289855,4.46216836095424E-117
3407,307.0004345,0.00181159420289855,4.37953561352916E-117
3418,307.0004345,0.00181159420289855,4.29990769328318E-117
3516,307.0004345,0.00181159420289855,4.22312362733169E-117
3520,307.0004345,0.00181159420289855,4.14903373913289E-117
3629,307.0004345,0.00181159420289855,4.07749867466508E-117
3699,307.0004345,0.00181159420289855,4.00838852763686E-117
3818,307.0004345,0.00181159420289855,3.94158205217625E-117
3819,307.0004345,0.00181159420289855,3.87696595296024E-117
3859,307.0004345,0.00181159420289855,3.81443424404153E-117
3923,307.0004345,0.00181159420289855,3.75388766873928E-117
4162,307.0004345,0.00181159420289855,3.69523317391523E-117
4447,307.0004345,0.00181159420289855,3.63838343277807E-117
4504,307.0004345,0.00181159420289855,3.58325641106931E-117
4531,307.0004345,0.00181159420289855,3.52977497209813E-117
4624,307.0004345,0.00181159420289855,3.4778665166261E-117
4680,307.0004345,0.00181159420289855,3.4274626540663E-117
4752,307.0004345,0.00181159420289855,3.37849890186535E-117
5234,307.0004345,0.00181159420289855,3.33091441028979E-117
6148,307.0004345,0.00181159420289855,3.28465171014687E-117
7955,307.0004345,0.00181159420289855,3.23965648124075E-117
3652,86.83830445,0.00181159420289855,6.85769896401178E-32
3198,73.43099428,0.00181159420289855,1.0037594847697E-26
7856,73.27601529,0.00181159420289855,1.13659501949948E-26
3549,70.62376167,0.00181159420289855,1.18005998732798E-25
2251,70.24213607,0.00181159420289855,1.63424932956023E-25
4806,67.38187248,0.00181159420289855,2.03898912973898E-24
4224,65.94356436,0.00181159420289855,7.20662083119558E-24
5260,63.32830928,0.00181159420289855,7.22650993249497E-23
8004,61.99924802,0.00181159420289855,2.31722970125997E-22
7829,60.19731773,0.00181159420289855,1.12931128239819E-21
7870,59.55747618,0.00181159420289855,1.96638312621712E-21
7619,57.51881344,0.00181159420289855,1.18112993717079E-20
5294,54.71031586,0.00181159420289855,1.40083366837946E-19
3321,52.24674788,0.00181159420289855,1.22294409434086E-18
7600,52.24149861,0.00181159420289855,1.21467011033477E-18
5301,51.64595844,0.00181159420289855,2.0330920638198E-18
3586,50.74511226,0.00181159420289855,4.45694790000304E-18
3234,50.28696516,0.00181159420289855,6.60749703548745E-18
3927,48.55569595,0.00181159420289855,3.01577888371102E-17
6262,48.08501434,0.00181159420289855,4.52061745859325E-17
4840,47.62526393,0.00181159420289855,6.71165177406669E-17
2422,46.92986604,0.00181159420289855,1.22691277168467E-16
3590,44.51077975,0.00181159420289855,1.02599835601043E-15
4213,43.86281812,0.00181159420289855,1.79797212207596E-15
3770,43.77383848,0.00181159420289855,1.92485845543208E-15
7412,43.22910044,0.00181159420289855,3.07995764139684E-15
4619,43.17351145,0.00181159420289855,3.2022852377952E-15
7625,42.84050138,0.00181159420289855,4.25215580089931E-15
5682,40.6050287,0.00181159420289855,3.01715481641756E-14
4266,40.60086819,0.00181159420289855,2.99882812873991E-14
7973,39.27116008,0.00181159420289855,9.57427377807537E-14
4466,38.88458821,0.00181159420289855,1.3325406350215E-13
8018,38.78560074,0.00181159420289855,1.44008548231548E-13
1910,38.60444996,0.00181159420289855,1.67311529227983E-13
2936,38.09822803,0.00181159420289855,2.58747245372564E-13
4314,37.90527529,0.00181159420289855,3.0379006365317E-13
1960,37.90002809,0.00181159420289855,3.02420697795055E-13
3965,37.79123197,0.00181159420289855,3.29787372694322E-13
6943,35.97008971,0.00181159420289855,1.62014617238404E-12
3486,35.5550365,0.00181159420289855,2.31230857442071E-12
3685,35.24795032,0.00181159420289855,3.00162387148204E-12
4676,35.23008228,0.00181159420289855,3.0225838739539E-12
4132,34.87485817,0.00181159420289855,4.0934599706141E-12
4382,34.45640435,0.00181159420289855,5.86021547199635E-12
4312,34.24856861,0.00181159420289855,6.97345415939581E-12
2119,34.17466932,0.00181159420289855,7.37823202442383E-12
6559,34.1614782,0.00181159420289855,7.40195009003379E-12
4151,33.97497857,0.00181159420289855,8.64623075642274E-12
6331,33.88677751,0.00181159420289855,9.26547379869751E-12
3216,33.79978993,0.00181159420289855,9.9191253410477E-12
3488,33.76255127,0.00181159420289855,1.01659494677919E-11
2280,33.74858981,0.00181159420289855,1.02089260126504E-11
2488,33.47794433,0.00181159420289855,1.28424585208172E-11
3864,32.8537479,0.00181159420289855,2.20290931880894E-11
2509,32.76273709,0.00181159420289855,2.3672937870956E-11
4111,32.72350028,0.00181159420289855,2.43116964592144E-11
4413,32.58912816,0.00181159420289855,2.71414264934809E-11
8015,32.26155528,0.00181159420289855,3.58947363879326E-11
7964,31.74150136,0.00181159420289855,5.61935724280172E-11
3481,31.64924818,0.00181159420289855,6.04669073907118E-11
1923,31.53835083,0.00181159420289855,6.61402555631263E-11
1833,31.07016517,0.00181159420289855,9.89385741944623E-11
3892,30.97425433,0.00181159420289855,1.06817887764431E-10
6887,30.8698712,0.00181159420289855,1.1618918350559E-10
3304,30.7373859,0.00181159420289855,1.29537408111687E-10
3677,30.61790313,0.00181159420289855,1.42790090607641E-10
3659,30.00490709,0.00181159420289855,2.42459793875475E-10
2842,29.85188589,0.00181159420289855,2.75238252699813E-10
2398,29.59103947,0.00181159420289855,3.43372738868388E-10
1983,29.51470797,0.00181159420289855,3.64520190404709E-10
3437,29.33861217,0.00181159420289855,4.22278570276262E-10
3106,29.30468866,0.00181159420289855,4.31997242139787E-10
7364,28.8708417,0.00181159420289855,6.27020832134943E-10
4735,28.77179065,0.00181159420289855,6.79096177357118E-10
4536,28.16863005,0.00181159420289855,1.14278382661909E-09
4508,27.73970269,0.00181159420289855,1.65120081837573E-09
3062,27.71600558,0.00181159420289855,1.67450010493235E-09
5987,27.56357781,0.00181159420289855,1.90030524537036E-09
7692,27.54458986,0.00181159420289855,1.91937262532773E-09
2763,27.38082462,0.00181159420289855,2.20001797708181E-09
5787,27.34426904,0.00181159420289855,2.25663276412633E-09
2712,27.25786451,0.00181159420289855,2.41778428952222E-09
3825,27.25625677,0.00181159420289855,2.40566050285538E-09
5994,26.75150001,0.00181159420289855,3.71387676896123E-09
6960,26.687054,0.00181159420289855,3.90388323012394E-09
7653,26.46781644,0.00181159420289855,4.69723456335392E-09
3584,26.3889198,0.00181159420289855,5.00051629222037E-09
7963,26.03559388,0.00181159420289855,6.76335459473855E-09
3077,25.75394702,0.00181159420289855,8.59284885531794E-09
4849,25.51117638,0.00181159420289855,1.05531164149958E-08
2659,25.37573647,0.00181159420289855,1.1803032411915E-08
3460,25.02192339,0.00181159420289855,1.59679789774617E-08
3985,24.83337898,0.00181159420289855,1.87049747481967E-08
2767,24.76167082,0.00181159420289855,1.9791281384512E-08
3714,24.70769496,0.00181159420289855,2.06204059200997E-08
2923,24.55920643,0.00181159420289855,2.33280506375681E-08
6485,24.55029456,0.00181159420289855,2.33714909978043E-08
2314,24.51641327,0.00181159420289855,2.39304986432647E-08
4188,24.44951579,0.00181159420289855,2.52183022964217E-08
3680,24.16707539,0.00181159420289855,3.20610642047025E-08
2336,24.11979324,0.00181159420289855,3.32159667877582E-08
1977,24.08970112,0.00181159420289855,3.39025257516965E-08
3195,23.84836267,0.00181159420289855,4.1587397569147E-08
4811,23.36016651,0.00181159420289855,6.3228663675533E-08
3820,23.34726422,0.00181159420289855,6.35827798500416E-08
5814,23.30207843,0.00181159420289855,6.57611203799011E-08
6250,23.28765028,0.00181159420289855,6.62213112027784E-08
4689,23.18480911,0.00181159420289855,7.20147550188636E-08
5091,23.13389652,0.00181159420289855,7.48600107501512E-08
2177,23.11825887,0.00181159420289855,7.54698818745117E-08
2385,23.06330855,0.00181159420289855,7.87318956538219E-08
7702,22.67568605,0.00181159420289855,1.09668649185752E-07
2384,22.64413144,0.00181159420289855,1.12110544225284E-07
3455,22.57862331,0.00181159420289855,1.1804066447753E-07
2343,22.52409851,0.00181159420289855,1.23107350582701E-07
4276,22.44364744,0.00181159420289855,1.31318560477124E-07
2357,21.963328,0.00181159420289855,1.98216983028777E-07
7818,21.59528479,0.00181159420289855,2.71362944060467E-07
6030,21.46888566,0.00181159420289855,3.01228813066489E-07
2520,21.05714255,0.00181159420289855,4.2823245845311E-07
4682,20.75952539,0.00181159420289855,5.51366337028671E-07
2386,20.66641893,0.00181159420289855,5.94615584747222E-07
7335,20.59089197,0.00181159420289855,6.3157671209499E-07
3279,20.40814692,0.00181159420289855,7.3611495379602E-07
4324,20.20345439,0.00181159420289855,8.74392507645399E-07
7779,20.10193246,0.00181159420289855,9.49902030441695E-07
5417,19.85604701,0.00181159420289855,1.16922689118507E-06
5308,19.79267996,0.00181159420289855,1.22896077322228E-06
3773,19.79147077,0.00181159420289855,1.22415650216066E-06
4055,19.65892711,0.00181159420289855,1.36608208560877E-06
4617,19.64733057,0.00181159420289855,1.37308643918159E-06
3335,19.60792275,0.00181159420289855,1.4137531108659E-06
3360,19.23310189,0.00181159420289855,1.94522693087034E-06
3439,19.17606544,0.00181159420289855,2.03362387029493E-06
2182,19.05979047,0.00181159420289855,2.2377110043959E-06
2657,18.59767808,0.00181159420289855,3.31903108597536E-06
4541,18.51326272,0.00181159420289855,3.5528518338253E-06
7649,18.28490662,0.00181159420289855,4.30601084385168E-06
4248,18.22558195,0.00181159420289855,4.51069300777912E-06
4079,17.9427981,0.00181159420289855,5.72909985819655E-06
1920,17.73042682,0.00181159420289855,6.84750716837047E-06
5582,17.48345669,0.00181159420289855,8.4312382627874E-06
5008,17.17889476,0.00181159420289855,1.09077150123402E-05
6052,16.95280694,0.00181159420289855,1.31885767696721E-05
3855,16.66219783,0.00181159420289855,1.6854351957337E-05
4960,16.61936499,0.00181159420289855,1.74065012716241E-05
3720,16.3635122,0.00181159420289855,2.15870526339373E-05
2320,16.34745846,0.00181159420289855,2.17877060623623E-05
5390,16.25084651,0.00181159420289855,2.35656923967617E-05
4154,15.88236153,0.00181159420289855,3.21858877418567E-05
3223,15.80904141,0.00181159420289855,3.41219282626296E-05
5836,15.7552144,0.00181159420289855,3.55750776807317E-05
7906,15.70854079,0.00181159420289855,3.68638123378055E-05
4988,15.24207517,0.00181159420289855,5.47347379167345E-05
1897,15.1621563,0.00181159420289855,5.83539782294947E-05
2635,15.06331011,0.00181159420289855,6.32287440542359E-05
2631,14.95038703,0.00181159420289855,6.9340477153367E-05
7334,14.84735366,0.00181159420289855,7.54014737274002E-05
5624,14.56266729,0.00181159420289855,9.57642667648446E-05
4144,14.53164528,0.00181159420289855,9.79147102320832E-05
5544,14.51900982,0.00181159420289855,9.85545674369307E-05
3713,14.34921958,0.00181159420289855,0.00011345199904287
6040,14.27408739,0.00181159420289855,0.00012045616919465
4694,14.25205168,0.00181159420289855,0.000122225790773867
5379,14.05371697,0.00181159420289855,0.000144159753946164
7506,14.02825128,0.00181159420289855,0.000146709443626606
4245,14.01356907,0.00181159420289855,0.000147939480832537
5169,14.00413088,0.00181159420289855,0.000148516512234729
2194,13.83132283,0.00181159420289855,0.000171385785574183
1841,13.79864576,0.00181159420289855,0.000175501726577498
4184,13.72989859,0.00181159420289855,0.000185329487779366
4974,13.68318559,0.00181159420289855,0.000192068238398024
2184,13.55335319,0.00181159420289855,0.000213658039222706
3786,13.39506863,0.00181159420289855,0.000243492763946344
3402,13.3163775,0.00181159420289855,0.000259308225374581
1826,13.10081226,0.00181159420289855,0.000310241513522546
4225,13.09247385,0.00181159420289855,0.000311199014778781
4875,13.0404463,0.00181159420289855,0.000323976490580371
1734,13.0005016,0.00181159420289855,0.000333835086596129
4686,12.8498686,0.00181159420289855,0.000377917058173429
4048,12.62952466,0.00181159420289855,0.000453870245573604
3147,12.58304462,0.00181159420289855,0.000470278125741297
4835,12.39823695,0.00181159420289855,0.000547936813565608
2126,12.27723384,0.00181159420289855,0.000604757269531708
4323,12.10335767,0.00181159420289855,0.000698009226646867
5516,11.98421496,0.00181159420289855,0.000769101567791752
2167,11.91436911,0.00181159420289855,0.000812789117592014
2413,11.31490939,0.00181159420289855,0.00134357246809729
4912,11.27597691,0.00181159420289855,0.00138312981980501
3316,11.19453557,0.00181159420289855,0.00147582483436995
2002,11.16284367,0.00181159420289855,0.00151004476611316
2015,10.92782108,0.00181159420289855,0.0018337305190253
4351,10.89454159,0.00181159420289855,0.00187874149202244
7559,10.38880241,0.00181159420289855,0.00286327667718406
7819,10.02031426,0.00181159420289855,0.00388522229197973
3538,9.960981884,0.00181159420289855,0.00406793639284323
6223,9.956758398,0.00181159420289855,0.00406722498449273
6075,9.835587953,0.00181159420289855,0.00448465077464019
3400,9.721680682,0.00181159420289855,0.00491466037418015
3980,9.540784131,0.00181159420289855,0.00569541985953228
7028,9.49896855,0.00181159420289855,0.00587619428532541
6391,9.375265896,0.00181159420289855,0.0064912842387436
5788,9.328361073,0.00181159420289855,0.00672569531031821
4709,9.237112365,0.0036101083032491,0.0036101083032491
4024,9.041424842,0.00528169014084507,0.00528169014084507
6271,8.997808011,0.00528169014084507,0.00528169014084507
5751,8.985079372,0.00528169014084507,0.00528169014084507
4729,8.963951483,0.00528169014084507,0.00528169014084507
5499,8.914656967,0.00528169014084507,0.00528169014084507
2754,8.879614633,0.00528169014084507,0.00528169014084507
2188,8.857789232,0.00528169014084507,0.00528169014084507
6344,8.801965665,0.00677966101694915,0.00677966101694915
2958,8.799322653,0.00677966101694915,0.00677966101694915
5035,8.626337831,0.00677966101694915,0.00677966101694915
1972,8.606326368,0.00677966101694915,0.00677966101694915
6354,8.490518973,0.00677966101694915,0.00677966101694915
5946,8.443786418,0.00677966101694915,0.00677966101694915
6470,8.382159472,0.00677966101694915,0.00677966101694915
5901,8.372076065,0.00677966101694915,0.00677966101694915
2389,8.35651268,0.00677966101694915,0.00677966101694915
4178,8.282788661,0.00677966101694915,0.00677966101694915
4365,8.251879371,0.00677966101694915,0.00677966101694915
4820,7.954437638,0.00838926174496644,0.00838926174496644
2910,7.86389803,0.00838926174496644,0.00838926174496644
6195,7.777924261,0.00838926174496644,0.00838926174496644
2116,7.664485334,0.0100334448160535,0.0100334448160535
5081,7.375040891,0.0132013201320132,0.0132013201320132
3187,7.305142808,0.0132013201320132,0.0132013201320132
4884,7.27886327,0.0132013201320132,0.0132013201320132
4896,7.073418757,0.0132013201320132,0.0132013201320132
2982,6.949354643,0.0147540983606557,0.0147540983606557
7658,6.939536742,0.0147540983606557,0.0147540983606557
7685,6.865055425,0.0163398692810458,0.0163398692810458
5646,6.845691387,0.0179153094462541,0.0179153094462541
5651,6.757602449,0.0192926045016077,0.0192926045016077
5060,6.708262289,0.0192926045016077,0.0192926045016077
4038,6.666041546,0.0192926045016077,0.0192926045016077
3814,6.611452117,0.0192926045016077,0.0192926045016077
1669,6.452699463,0.0205047318611987,0.0205047318611987
2401,6.429890053,0.0205047318611987,0.0205047318611987
3513,6.400481102,0.0205047318611987,0.0205047318611987
2550,6.382344411,0.0205047318611987,0.0205047318611987
5049,6.337554595,0.0205047318611987,0.0205047318611987
5478,6.288157607,0.0205047318611987,0.0205047318611987
7541,6.250453749,0.0219435736677116,0.0219435736677116
1882,6.205056915,0.0219435736677116,0.0219435736677116
4994,6.038254611,0.0249221183800623,0.0249221183800623
3708,6.023285541,0.0249221183800623,0.0249221183800623
5305,5.985466861,0.0263975155279503,0.0263975155279503
6309,5.83531887,0.0277777777777778,0.0277777777777778
3184,5.793104804,0.0277777777777778,0.0277777777777778
6480,5.641346495,0.0412844036697248,0.0412844036697248
4634,5.640075392,0.0412844036697248,0.0412844036697248
3447,5.631418044,0.0412844036697248,0.0412844036697248
3650,5.609787553,0.0426829268292683,0.0426829268292683
2895,5.493234604,0.047112462006079,0.047112462006079
2086,5.454510667,0.0495495495495495,0.0495495495495495
4989,5.420084878,0.0495495495495495,0.0495495495495495
3990,5.409393983,0.0495495495495495,0.0495495495495495
4906,5.394130845,0.0495495495495495,0.0495495495495495
5211,5.36878592,0.0538922155688623,0.0538922155688623
4633,5.318515807,0.0552238805970149,0.0552238805970149
6342,5.313569667,0.056547619047619,0.056547619047619
4338,5.154321386,0.0637982195845697,0.0637982195845697
5666,5.128181967,0.0647058823529412,0.0647058823529412
2736,5.11517893,0.0647058823529412,0.0647058823529412
2146,5.104086471,0.0647058823529412,0.0647058823529412
7409,5.040086409,0.0699708454810496,0.0699708454810496
6376,5.021216684,0.0699708454810496,0.0699708454810496
4290,5.016938166,0.0699708454810496,0.0699708454810496
7492,4.959610904,0.0751445086705202,0.0751445086705202
5311,4.951578008,0.0751445086705202,0.0751445086705202
2127,4.938122859,0.0751445086705202,0.0751445086705202
3276,4.907126783,0.0763688760806916,0.0763688760806916
3157,4.904095238,0.0775862068965517,0.0775862068965517
7461,4.883569928,0.0783475783475783,0.0783475783475783
5620,4.857072067,0.0783475783475783,0.0783475783475783
4668,4.834858694,0.0783475783475783,0.0783475783475783
2816,4.643071481,0.0994318181818182,0.0994318181818182
6199,4.641239255,0.10056657223796,0.10056657223796
2670,4.636950335,0.101408450704225,0.101408450704225
5583,4.636855467,0.101408450704225,0.101408450704225
3798,4.566363434,0.10814606741573,0.10814606741573
2041,4.532719033,0.114525139664804,0.114525139664804
5625,4.529537467,0.114525139664804,0.114525139664804
5857,4.519536569,0.115598885793872,0.115598885793872
3120,4.494572976,0.116666666666667,0.116666666666667
4252,4.462153212,0.121883656509695,0.121883656509695
4185,4.440377374,0.125690607734807,0.125690607734807
5882,4.416668237,0.128099173553719,0.128099173553719
3608,4.36739483,0.131868131868132,0.131868131868132
3939,4.320445014,0.134877384196185,0.134877384196185
5200,4.304730181,0.134877384196185,0.134877384196185
3573,4.29836666,0.134877384196185,0.134877384196185
1950,4.28512545,0.139945652173913,0.139945652173913
2450,4.27568775,0.140921409214092,0.140921409214092
3409,4.249364575,0.14343163538874,0.14343163538874
1916,4.248150758,0.14343163538874,0.14343163538874
3268,4.22913496,0.14343163538874,0.14343163538874
5955,4.226732679,0.14343163538874,0.14343163538874
4867,4.209345174,0.149333333333333,0.149333333333333
4864,4.203780046,0.149333333333333,0.149333333333333
3628,4.195345992,0.150265957446809,0.150265957446809
3115,4.186133578,0.152116402116402,0.152116402116402
4996,4.177704267,0.152116402116402,0.152116402116402
4599,4.170108687,0.153947368421053,0.153947368421053
6180,4.163710199,0.153947368421053,0.153947368421053
3682,4.146797008,0.156657963446475,0.156657963446475
2667,4.143347284,0.156657963446475,0.156657963446475
2560,4.14068808,0.156657963446475,0.156657963446475
4175,4.128503948,0.157552083333333,0.157552083333333
3428,4.088396496,0.166233766233766,0.166233766233766
6152,4.079694016,0.167098445595855,0.167098445595855
2749,4.078643506,0.167958656330749,0.167958656330749
2945,4.028237977,0.176546391752577,0.176546391752577
6361,4.02123894,0.17866323907455,0.17866323907455
2797,3.988572512,0.184615384615385,0.184615384615385
3140,3.976986777,0.18542199488491,0.18542199488491
6685,3.933539147,0.195928753180662,0.195928753180662
3367,3.928556189,0.195928753180662,0.195928753180662
3776,3.923612999,0.197969543147208,0.197969543147208
2471,3.913485346,0.198232323232323,0.198232323232323
4954,3.913006633,0.198232323232323,0.198232323232323
2802,3.895850691,0.199748743718593,0.199748743718593
1676,3.894452689,0.199748743718593,0.199748743718593
5173,3.84991501,0.2025,0.2025
5654,3.845750145,0.2025,0.2025
2434,3.818404202,0.211970074812968,0.211970074812968
6313,3.817921899,0.212158808933002,0.212158808933002
6202,3.815421273,0.212158808933002,0.212158808933002
4356,3.808438889,0.215346534653465,0.215346534653465
4805,3.784404731,0.21551724137931,0.21551724137931
3736,3.781608146,0.21551724137931,0.21551724137931
1782,3.762554039,0.218673218673219,0.218673218673219
1952,3.758575059,0.219362745098039,0.219362745098039
4303,3.731525232,0.221271393643032,0.221271393643032
3352,3.729024827,0.222627737226277,0.222627737226277
1823,3.728317974,0.222627737226277,0.222627737226277
2949,3.690945441,0.230120481927711,0.230120481927711
6160,3.677127274,0.230120481927711,0.230120481927711
7798,3.665062963,0.230120481927711,0.230120481927711
3598,3.663397793,0.230120481927711,0.230120481927711
2709,3.644218335,0.235576923076923,0.235576923076923
4437,3.612278884,0.248803827751196,0.248803827751196
5364,3.611580657,0.248803827751196,0.248803827751196
3779,3.611063355,0.249403341288783,0.249403341288783
4157,3.590793618,0.254761904761905,0.254761904761905
2417,3.586523201,0.255924170616114,0.255924170616114
3909,3.584493966,0.255924170616114,0.255924170616114
2957,3.543168944,0.265957446808511,0.265957446808511
3059,3.533965749,0.268691588785047,0.268691588785047
7607,3.529719346,0.268691588785047,0.268691588785047
3870,3.52883346,0.268691588785047,0.268691588785047
1858,3.521736606,0.268691588785047,0.268691588785047
4566,3.520620505,0.268691588785047,0.268691588785047
4520,3.502197247,0.27093023255814,0.27093023255814
2370,3.499406107,0.27093023255814,0.27093023255814
5536,3.490652558,0.27262180974478,0.27262180974478
4986,3.482100297,0.275981524249423,0.275981524249423
3777,3.481810981,0.275981524249423,0.275981524249423
2205,3.471172352,0.28110599078341,0.28110599078341
5070,3.454394919,0.283752860411899,0.283752860411899
3306,3.453735646,0.283752860411899,0.283752860411899
2210,3.45121529,0.283752860411899,0.283752860411899
5327,3.449692992,0.284246575342466,0.284246575342466
5933,3.434928586,0.284738041002278,0.284738041002278
2953,3.425598755,0.28490990990991,0.28490990990991
3308,3.421271648,0.28490990990991,0.28490990990991
6317,3.416861442,0.28490990990991,0.28490990990991
1872,3.414851624,0.28490990990991,0.28490990990991
3556,3.412842074,0.28490990990991,0.28490990990991
5033,3.40288382,0.28876404494382,0.28876404494382
4716,3.389900204,0.291479820627803,0.291479820627803
2788,3.318074564,0.309843400447427,0.309843400447427
2288,3.316309835,0.310267857142857,0.310267857142857
5456,3.303542433,0.315144766146993,0.315144766146993
3766,3.288703177,0.317777777777778,0.317777777777778
4592,3.287384471,0.318181818181818,0.318181818181818
1806,3.281184454,0.320796460176991,0.320796460176991
2620,3.267246006,0.323076923076923,0.323076923076923
2007,3.264751631,0.323076923076923,0.323076923076923
2259,3.259969791,0.323076923076923,0.323076923076923
4391,3.250073703,0.325657894736842,0.325657894736842
1834,3.239739276,0.327133479212254,0.327133479212254
2824,3.233460081,0.329694323144105,0.329694323144105
2483,3.199727889,0.339130434782609,0.339130434782609
3734,3.194245436,0.339130434782609,0.339130434782609
4804,3.178267938,0.346320346320346,0.346320346320346
5017,3.174203364,0.346320346320346,0.346320346320346
2093,3.172657225,0.347732181425486,0.347732181425486
2216,3.168815852,0.349137931034483,0.349137931034483
3385,3.157711421,0.349358974358974,0.349358974358974
3778,3.156613657,0.349358974358974,0.349358974358974
3160,3.154229944,0.349358974358974,0.349358974358974
2652,3.146471829,0.349358974358974,0.349358974358974
2214,3.142033113,0.350746268656716,0.350746268656716
2505,3.139967605,0.351063829787234,0.351063829787234
3215,3.120736803,0.353503184713376,0.353503184713376
2566,3.085220017,0.360169491525424,0.360169491525424
4911,3.073559076,0.363636363636364,0.363636363636364
2537,3.070152458,0.363924050632911,0.363924050632911
3240,3.057538334,0.368421052631579,0.368421052631579
2085,3.019473971,0.369294605809129,0.369294605809129
6857,3.017140335,0.369294605809129,0.369294605809129
3209,3.008261139,0.369294605809129,0.369294605809129
1971,3.007912527,0.369294605809129,0.369294605809129
3468,3.000124313,0.369294605809129,0.369294605809129
3950,2.999565923,0.369294605809129,0.369294605809129
2833,2.985479461,0.369294605809129,0.369294605809129
1992,2.98254927,0.369565217391304,0.369565217391304
4015,2.97798426,0.372689938398357,0.372689938398357
6767,2.977159389,0.372689938398357,0.372689938398357
2231,2.976336082,0.372689938398357,0.372689938398357
2568,2.975514332,0.372689938398357,0.372689938398357
2154,2.967381239,0.373975409836066,0.373975409836066
3071,2.9476909,0.383435582822086,0.383435582822086
1943,2.942714356,0.383673469387755,0.383673469387755
5316,2.928486195,0.386178861788618,0.386178861788618
4570,2.927750102,0.386178861788618,0.386178861788618
2650,2.91721463,0.389452332657201,0.389452332657201
3750,2.910448117,0.389546351084813,0.389546351084813
3833,2.906578315,0.389546351084813,0.389546351084813
3135,2.898596649,0.389546351084813,0.389546351084813
6004,2.892111975,0.389546351084813,0.389546351084813
2478,2.891434976,0.389546351084813,0.389546351084813
3951,2.891096872,0.389546351084813,0.389546351084813
4505,2.878768545,0.389546351084813,0.389546351084813
5794,2.877784122,0.389546351084813,0.389546351084813
4378,2.86774031,0.389546351084813,0.389546351084813
2278,2.86710023,0.389546351084813,0.389546351084813
2527,2.866780543,0.389546351084813,0.389546351084813
2569,2.862329463,0.389546351084813,0.389546351084813
1953,2.860120914,0.389546351084813,0.389546351084813
2342,2.857297754,0.389546351084813,0.389546351084813
2356,2.848017605,0.391732283464567,0.391732283464567
1942,2.840132153,0.39453125,0.39453125
3297,2.838033384,0.39453125,0.39453125
2242,2.836540448,0.39453125,0.39453125
6116,2.834755674,0.39453125,0.39453125
2230,2.823041019,0.399805447470817,0.399805447470817
4661,2.822175028,0.399805447470817,0.399805447470817
3063,2.820735536,0.400970873786408,0.400970873786408
3259,2.816730156,0.401162790697674,0.401162790697674
2427,2.809948582,0.402321083172147,0.402321083172147
3156,2.804653942,0.402509652509652,0.402509652509652
3210,2.788078916,0.402884615384615,0.402884615384615
4856,2.784362437,0.402884615384615,0.402884615384615
3440,2.774174009,0.403225806451613,0.403225806451613
7536,2.772113295,0.403225806451613,0.403225806451613
2274,2.767766479,0.403225806451613,0.403225806451613
3509,2.767257937,0.403225806451613,0.403225806451613
5938,2.760700521,0.403225806451613,0.403225806451613
5506,2.758204569,0.403225806451613,0.403225806451613
1778,2.756961951,0.403225806451613,0.403225806451613
2036,2.7490923,0.403409090909091,0.403409090909091
2540,2.741841807,0.405482041587902,0.405482041587902
2599,2.720333056,0.408411214953271,0.408411214953271
2121,2.718739313,0.408411214953271,0.408411214953271
6213,2.71828503,0.408411214953271,0.408411214953271
4618,2.717831222,0.408411214953271,0.408411214953271
2046,2.716246617,0.408411214953271,0.408411214953271
2161,2.715343717,0.408411214953271,0.408411214953271
2358,2.700710666,0.413123844731978,0.413123844731978
4052,2.697669071,0.413123844731978,0.413123844731978
2364,2.696587929,0.413123844731978,0.413123844731978
5964,2.694648631,0.413123844731978,0.413123844731978
1999,2.693146251,0.413123844731978,0.413123844731978
2287,2.691435586,0.413123844731978,0.413123844731978
3374,2.672845488,0.415904936014625,0.415904936014625
3630,2.670398752,0.415904936014625,0.415904936014625
3470,2.664943481,0.415904936014625,0.415904936014625
4513,2.657774771,0.415904936014625,0.415904936014625
4172,2.655607726,0.415904936014625,0.415904936014625
3040,2.655411257,0.415904936014625,0.415904936014625
4060,2.652084813,0.416970802919708,0.416970802919708
4589,2.64435695,0.42167577413479,0.42167577413479
2048,2.635449005,0.422867513611615,0.422867513611615
7786,2.635261445,0.422867513611615,0.422867513611615
2133,2.632644079,0.42481884057971,0.42481884057971
2390,2.627456199,0.426763110307414,0.426763110307414
1678,2.59465364,0.445848375451264,0.445848375451264
3869,2.591081979,0.446846846846847,0.446846846846847
3163,2.588211995,0.446942446043166,0.446942446043166
1922,2.577738549,0.449730700179533,0.449730700179533
5176,2.572189427,0.450892857142857,0.450892857142857
3357,2.568958055,0.450892857142857,0.450892857142857
1973,2.568314655,0.450892857142857,0.450892857142857
3807,2.564314862,0.452762923351159,0.452762923351159
5665,2.554395797,0.459964412811388,0.459964412811388
3568,2.543937776,0.463587921847247,0.463587921847247
3588,2.534319788,0.470744680851064,0.470744680851064
2349,2.529883647,0.472566371681416,0.472566371681416
4234,2.516270101,0.475265017667845,0.475265017667845
2986,2.51413667,0.477112676056338,0.477112676056338
4190,2.513994814,0.477112676056338,0.477112676056338
3610,2.510322708,0.477152899824253,0.477152899824253
2705,2.501000636,0.483333333333333,0.483333333333333
5165,2.499489089,0.484238178633976,0.484238178633976
1861,2.49376564,0.486888111888112,0.486888111888112
1663,2.468010449,0.495644599303136,0.495644599303136
3150,2.467118281,0.495644599303136,0.495644599303136
5063,2.4529641,0.5,0.5
2337,2.452348342,0.5,0.5
4010,2.446359664,0.502595155709343,0.502595155709343
4445,2.441531437,0.502595155709343,0.502595155709343
7516,2.438421632,0.503448275862069,0.503448275862069
2221,2.437112619,0.503448275862069,0.503448275862069
3794,2.424350385,0.506861063464837,0.506861063464837
2218,2.4225082,0.506861063464837,0.506861063464837
2699,2.419645339,0.506861063464837,0.506861063464837
4106,2.415555693,0.507705479452055,0.507705479452055
1769,2.401428337,0.514505119453925,0.514505119453925
3288,2.400007822,0.514505119453925,0.514505119453925
3166,2.397180658,0.51530612244898,0.51530612244898
5103,2.390619056,0.51530612244898,0.51530612244898
2149,2.3801765,0.517826825127334,0.517826825127334
6822,2.376130732,0.522033898305085,0.522033898305085
7501,2.372634143,0.523688663282572,0.523688663282572
4786,2.353792388,0.528523489932886,0.528523489932886
3164,2.349012906,0.528523489932886,0.528523489932886
4275,2.346112442,0.528523489932886,0.528523489932886
1795,2.343710099,0.528523489932886,0.528523489932886
3257,2.343326954,0.528523489932886,0.528523489932886
4791,2.336393292,0.535175879396985,0.535175879396985
7814,2.333950262,0.535953177257525,0.535953177257525
5849,2.332733881,0.537562604340568,0.537562604340568
6198,2.326058001,0.539933444259567,0.539933444259567
4013,2.325598187,0.539933444259567,0.539933444259567
3068,2.318577844,0.541322314049587,0.541322314049587
7341,2.317223354,0.541322314049587,0.541322314049587
6251,2.316322701,0.541322314049587,0.541322314049587
6709,2.315244378,0.541322314049587,0.541322314049587
3435,2.305833704,0.541803278688525,0.541803278688525
3565,2.303993285,0.541803278688525,0.541803278688525
7388,2.303381541,0.541803278688525,0.541803278688525
2155,2.302945108,0.541803278688525,0.541803278688525
2519,2.302160632,0.541803278688525,0.541803278688525
5047,2.29542055,0.544189852700491,0.544189852700491
2918,2.287097875,0.548202614379085,0.548202614379085
2951,2.268491816,0.553833605220228,0.553833605220228
4723,2.247030135,0.564019448946515,0.564019448946515
5661,2.245804612,0.564019448946515,0.564019448946515
4200,2.245728131,0.564019448946515,0.564019448946515
4927,2.244735109,0.564019448946515,0.564019448946515
1885,2.23935138,0.565533980582524,0.565533980582524
2686,2.233066906,0.56682769726248,0.56682769726248
4088,2.228339041,0.56682769726248,0.56682769726248
5655,2.225702062,0.56682769726248,0.56682769726248
5768,2.221414672,0.569020866773676,0.569020866773676
2361,2.219970873,0.569020866773676,0.569020866773676
3673,2.215525356,0.572115384615385,0.572115384615385
3146,2.205302873,0.574044585987261,0.574044585987261
6383,2.200452693,0.574044585987261,0.574044585987261
4289,2.200039473,0.574044585987261,0.574044585987261
4825,2.19893947,0.574044585987261,0.574044585987261
1911,2.18243463,0.582670906200318,0.582670906200318
2655,2.174703736,0.583333333333333,0.583333333333333
3840,2.165833716,0.584786053882726,0.584786053882726
4587,2.161213855,0.587539432176656,0.587539432176656
7807,2.161025045,0.587539432176656,0.587539432176656
3595,2.160396271,0.587539432176656,0.587539432176656
6022,2.155026062,0.589341692789969,0.589341692789969
4578,2.151195299,0.589341692789969,0.589341692789969
4256,2.150580586,0.589341692789969,0.589341692789969
2377,2.147947191,0.589341692789969,0.589341692789969
5990,2.145693958,0.589984350547731,0.589984350547731
3551,2.131120554,0.591263650546022,0.591263650546022
3946,2.127960332,0.591263650546022,0.591263650546022
2148,2.124880835,0.594236760124611,0.594236760124611
2590,2.12021622,0.596273291925466,0.596273291925466
5988,2.115317896,0.596273291925466,0.596273291925466
4001,2.099141495,0.600609756097561,0.600609756097561
5065,2.097127215,0.600609756097561,0.600609756097561
4497,2.095230374,0.600609756097561,0.600609756097561
5032,2.093341782,0.600609756097561,0.600609756097561
5507,2.089642443,0.600609756097561,0.600609756097561
3959,2.08958906,0.600609756097561,0.600609756097561
2669,2.088629293,0.600609756097561,0.600609756097561
2714,2.082547008,0.600609756097561,0.600609756097561
1741,2.080974235,0.600609756097561,0.600609756097561
1690,2.080712659,0.600609756097561,0.600609756097561
4241,2.077689837,0.600609756097561,0.600609756097561
4588,2.074687909,0.600609756097561,0.600609756097561
2571,2.066917838,0.601823708206687,0.601823708206687
2701,2.066209116,0.601823708206687,0.601823708206687
4585,2.057991947,0.604704097116844,0.604704097116844
2156,2.051440338,0.606656580937973,0.606656580937973
4975,2.051293691,0.606656580937973,0.606656580937973
2284,2.036212173,0.613293051359517,0.613293051359517
2419,2.032405227,0.613704819277108,0.613704819277108
3952,2.029560137,0.613704819277108,0.613704819277108
5205,2.024936004,0.614864864864865,0.614864864864865
6549,2.024338467,0.614864864864865,0.614864864864865
2300,2.021865153,0.614925373134328,0.614925373134328
3122,2.017141058,0.614925373134328,0.614925373134328
4580,2.015607721,0.614925373134328,0.614925373134328
3789,2.014932967,0.614925373134328,0.614925373134328
7509,2.004891542,0.617734724292101,0.617734724292101
2142,1.991911064,0.62184249628529,0.62184249628529
2405,1.991059339,0.62184249628529,0.62184249628529
6176,1.98699415,0.622403560830861,0.622403560830861
4274,1.984598326,0.623520710059172,0.623520710059172
5333,1.983342655,0.623520710059172,0.623520710059172
6863,1.979845968,0.623900293255132,0.623900293255132
3587,1.976541762,0.623900293255132,0.623900293255132
3640,1.973221671,0.623900293255132,0.623900293255132
2840,1.972528073,0.623900293255132,0.623900293255132
3384,1.970656812,0.623900293255132,0.623900293255132
3785,1.970007825,0.623900293255132,0.623900293255132
4216,1.95726702,0.625915080527086,0.625915080527086
2638,1.942181806,0.629385964912281,0.629385964912281
2462,1.933487722,0.631386861313869,0.631386861313869
4156,1.931888383,0.631924198250729,0.631924198250729
4014,1.927750102,0.633720930232558,0.633720930232558
4340,1.927566274,0.633720930232558,0.633720930232558
3101,1.924307082,0.634057971014493,0.634057971014493
2926,1.919987153,0.634057971014493,0.634057971014493
6541,1.908403379,0.639652677279305,0.639652677279305
5948,1.897257664,0.64378612716763,0.64378612716763
3805,1.895751953,0.643884892086331,0.643884892086331
1981,1.889376625,0.643884892086331,0.643884892086331
5806,1.889241991,0.643884892086331,0.643884892086331
3043,1.886825695,0.644396551724138,0.644396551724138
2351,1.882529836,0.645714285714286,0.645714285714286
3371,1.880216414,0.645714285714286,0.645714285714286
2707,1.878440156,0.645714285714286,0.645714285714286
6652,1.875365376,0.645714285714286,0.645714285714286
3975,1.867836404,0.647646219686163,0.647646219686163
4946,1.86429503,0.648648648648649,0.648648648648649
6279,1.864231485,0.648648648648649,0.648648648648649
4576,1.858832531,0.649857954545455,0.649857954545455
3377,1.839981904,0.658156028368794,0.658156028368794
1749,1.814344541,0.667847025495751,0.667847025495751
2335,1.81171852,0.668079096045198,0.668079096045198
4528,1.810987195,0.668079096045198,0.668079096045198
5527,1.804653942,0.669957686882934,0.669957686882934
3392,1.800217406,0.670422535211268,0.670422535211268
5122,1.791209413,0.675105485232067,0.675105485232067
3944,1.78333277,0.68188202247191,0.68188202247191
2504,1.771112232,0.687938288920056,0.687938288920056
4792,1.762833417,0.688022284122563,0.688022284122563
6414,1.757906016,0.688022284122563,0.688022284122563
5179,1.754068046,0.688022284122563,0.688022284122563
3107,1.751855013,0.688022284122563,0.688022284122563
2863,1.751781439,0.688022284122563,0.688022284122563
4969,1.745766217,0.688456189151599,0.688456189151599
6718,1.738856132,0.69001386962552,0.69001386962552
4367,1.736505958,0.69001386962552,0.69001386962552
7641,1.725218877,0.694598337950138,0.694598337950138
2649,1.722665888,0.695712309820194,0.695712309820194
4206,1.713565987,0.698895027624309,0.698895027624309
3611,1.709564686,0.699310344827586,0.699310344827586
4732,1.701103278,0.702888583218707,0.702888583218707
2440,1.697669071,0.702888583218707,0.702888583218707
5444,1.692140419,0.705357142857143,0.705357142857143
3111,1.683756995,0.706967213114754,0.706967213114754
4364,1.680123933,0.706967213114754,0.706967213114754
4002,1.675738128,0.706967213114754,0.706967213114754
4011,1.675285523,0.706967213114754,0.706967213114754
2811,1.671783542,0.707366984993179,0.707366984993179
1754,1.66735959,0.709459459459459,0.709459459459459
4443,1.664702607,0.709459459459459,0.709459459459459
3173,1.662381028,0.709459459459459,0.709459459459459
6730,1.655234511,0.709459459459459,0.709459459459459
5407,1.654253897,0.709459459459459,0.709459459459459
2461,1.653041001,0.709459459459459,0.709459459459459
3451,1.651675662,0.709459459459459,0.709459459459459
6366,1.648454915,0.709959623149394,0.709959623149394
4414,1.647875392,0.709959623149394,0.709959623149394
2035,1.644950968,0.709959623149394,0.709959623149394
1997,1.638291047,0.711693548387097,0.711693548387097
3381,1.634493296,0.712751677852349,0.712751677852349
6346,1.62948691,0.715817694369973,0.715817694369973
1873,1.624281531,0.717536813922356,0.717536813922356
5859,1.621202514,0.717914438502674,0.717914438502674
6431,1.619246229,0.718375499334221,0.718375499334221
5334,1.618019,0.718375499334221,0.718375499334221
2541,1.616489824,0.718375499334221,0.718375499334221
3370,1.615019704,0.71875,0.71875
4242,1.610904827,0.71994715984148,0.71994715984148
3624,1.606126596,0.71994715984148,0.71994715984148
4192,1.603748331,0.71994715984148,0.71994715984148
2189,1.601036264,0.71994715984148,0.71994715984148
5038,1.60086299,0.71994715984148,0.71994715984148
2526,1.598823558,0.720026350461133,0.720026350461133
2721,1.598806315,0.720026350461133,0.720026350461133
1733,1.595953514,0.722513089005236,0.722513089005236
2418,1.59386876,0.722513089005236,0.722513089005236
3978,1.592218321,0.722513089005236,0.722513089005236
2302,1.590337339,0.722513089005236,0.722513089005236
4606,1.588666551,0.722513089005236,0.722513089005236
2674,1.577590743,0.722584856396867,0.722584856396867
5329,1.576754126,0.722584856396867,0.722584856396867
3429,1.568459337,0.723076923076923,0.723076923076923
3835,1.568378952,0.723076923076923,0.723076923076923
4072,1.568234297,0.723076923076923,0.723076923076923
4053,1.562852161,0.723076923076923,0.723076923076923
2317,1.556580538,0.723076923076923,0.723076923076923
5466,1.554863031,0.723076923076923,0.723076923076923
3129,1.551123705,0.723076923076923,0.723076923076923
3780,1.543649152,0.723076923076923,0.723076923076923
2366,1.543633967,0.723076923076923,0.723076923076923
3302,1.541165819,0.723076923076923,0.723076923076923
3922,1.540833766,0.723076923076923,0.723076923076923
5187,1.540019803,0.723076923076923,0.723076923076923
6674,1.538111474,0.723076923076923,0.723076923076923
1900,1.533829589,0.723076923076923,0.723076923076923
4987,1.529604211,0.724424552429668,0.724424552429668
1865,1.527697091,0.724424552429668,0.724424552429668
6619,1.525041116,0.725127551020408,0.725127551020408
3664,1.523690186,0.725127551020408,0.725127551020408
4165,1.516270101,0.728662420382166,0.728662420382166
7718,1.513796292,0.729987293519695,0.729987293519695
4584,1.513300384,0.729987293519695,0.729987293519695
3511,1.50316718,0.73637515842839,0.73637515842839
4692,1.496740597,0.73637515842839,0.73637515842839
2543,1.491376026,0.737974683544304,0.737974683544304
4534,1.488986098,0.738938053097345,0.738938053097345
2309,1.482936127,0.740530303030303,0.740530303030303
5421,1.472048042,0.740971357409714,0.740971357409714
3728,1.467245621,0.740971357409714,0.740971357409714
6149,1.466266062,0.740971357409714,0.740971357409714
2716,1.46321437,0.740971357409714,0.740971357409714
5257,1.462055041,0.740971357409714,0.740971357409714
4963,1.460171442,0.740971357409714,0.740971357409714
3301,1.458158761,0.740971357409714,0.740971357409714
2872,1.451684301,0.740971357409714,0.740971357409714
1757,1.449490364,0.740971357409714,0.740971357409714
4421,1.448574401,0.740971357409714,0.740971357409714
2281,1.448232936,0.740971357409714,0.740971357409714
5861,1.440584178,0.743811881188119,0.743811881188119
2106,1.440548246,0.743811881188119,0.743811881188119
2664,1.435203785,0.743811881188119,0.743811881188119
4819,1.435073674,0.743811881188119,0.743811881188119
2406,1.434908134,0.743811881188119,0.743811881188119
2817,1.430778296,0.74390243902439,0.74390243902439
2796,1.428862064,0.74390243902439,0.74390243902439
2835,1.426942643,0.74390243902439,0.74390243902439
5312,1.423462858,0.74390243902439,0.74390243902439
1808,1.422198101,0.74390243902439,0.74390243902439
6596,1.420387869,0.74390243902439,0.74390243902439
3803,1.41197493,0.74390243902439,0.74390243902439
2158,1.411817963,0.74390243902439,0.74390243902439
4352,1.41019556,0.74390243902439,0.74390243902439
3962,1.409983418,0.74390243902439,0.74390243902439
1728,1.4069134,0.74390243902439,0.74390243902439
2789,1.406614234,0.74390243902439,0.74390243902439
4125,1.397950866,0.743932038834951,0.743932038834951
2131,1.391538153,0.743932038834951,0.743932038834951
2706,1.391324236,0.743932038834951,0.743932038834951
3393,1.388414754,0.743932038834951,0.743932038834951
3961,1.385450781,0.744848484848485,0.744848484848485
5851,1.37998894,0.74546553808948,0.74546553808948
3874,1.377268035,0.74546553808948,0.74546553808948
3023,1.373023544,0.746376811594203,0.746376811594203
3005,1.357139947,0.751507840772014,0.751507840772014
3842,1.351864514,0.752409638554217,0.752409638554217
2054,1.349371975,0.752707581227437,0.752707581227437
4217,1.339352672,0.756302521008403,0.756302521008403
3940,1.336723213,0.756302521008403,0.756302521008403
6715,1.333819103,0.757194244604317,0.757194244604317
3883,1.326693346,0.758064516129032,0.758064516129032
6150,1.321381481,0.758064516129032,0.758064516129032
2238,1.316349694,0.758064516129032,0.758064516129032
7858,1.312471039,0.758353221957041,0.758353221957041
5138,1.303844639,0.760404280618312,0.760404280618312
5675,1.299080055,0.760404280618312,0.760404280618312
3583,1.298898506,0.760404280618312,0.760404280618312
2627,1.295583495,0.76187648456057,0.76187648456057
1978,1.286030905,0.764671361502347,0.764671361502347
5960,1.281797355,0.764671361502347,0.764671361502347
2239,1.27511818,0.764671361502347,0.764671361502347
4287,1.274913658,0.764671361502347,0.764671361502347
4137,1.270341238,0.764671361502347,0.764671361502347
2979,1.270074242,0.764671361502347,0.764671361502347
6177,1.268048803,0.764671361502347,0.764671361502347
2034,1.260427656,0.764671361502347,0.764671361502347
2602,1.25897453,0.764671361502347,0.764671361502347
2137,1.256937303,0.764671361502347,0.764671361502347
3471,1.253412502,0.766705744431418,0.766705744431418
5448,1.250379615,0.766978922716628,0.766978922716628
4512,1.247099173,0.767836257309942,0.767836257309942
2841,1.242793827,0.768107476635514,0.768107476635514
4574,1.241466578,0.768378063010502,0.768378063010502
3408,1.232139441,0.768873403019744,0.768873403019744
7765,1.231110421,0.768873403019744,0.768873403019744
5577,1.230209257,0.768873403019744,0.768873403019744
3401,1.23009121,0.768873403019744,0.768873403019744
4291,1.223218936,0.773464658169177,0.773464658169177
5826,1.222877798,0.773464658169177,0.773464658169177
3094,1.218783341,0.774305555555556,0.774305555555556
3412,1.208463732,0.778612716763006,0.778612716763006
6907,1.184900637,0.783505154639175,0.783505154639175
5403,1.183513443,0.783505154639175,0.783505154639175
4837,1.183043201,0.783505154639175,0.783505154639175
6193,1.179273237,0.783505154639175,0.783505154639175
3125,1.17854543,0.783505154639175,0.783505154639175
4557,1.175308064,0.783505154639175,0.783505154639175
4123,1.171185486,0.783505154639175,0.783505154639175
4961,1.170361788,0.783505154639175,0.783505154639175
4770,1.157397,0.785958904109589,0.785958904109589
1790,1.156343727,0.785958904109589,0.785958904109589
2806,1.156250364,0.785958904109589,0.785958904109589
4998,1.148454256,0.788068181818182,0.788068181818182
5072,1.147532206,0.788068181818182,0.788068181818182
6653,1.147257801,0.788068181818182,0.788068181818182
1993,1.147129805,0.788068181818182,0.788068181818182
5201,1.141420698,0.788548752834467,0.788548752834467
1836,1.141390627,0.788548752834467,0.788548752834467
4780,1.133287438,0.792751981879955,0.792751981879955
6998,1.126691026,0.793552036199095,0.793552036199095
3169,1.122427105,0.79451287793953,0.79451287793953
2414,1.116219363,0.79451287793953,0.79451287793953
4938,1.106232691,0.79451287793953,0.79451287793953
6353,1.104748774,0.79451287793953,0.79451287793953
6387,1.103325002,0.79451287793953,0.79451287793953
3987,1.099452636,0.79451287793953,0.79451287793953
6603,1.098552577,0.79451287793953,0.79451287793953
5822,1.097230423,0.79451287793953,0.79451287793953
4435,1.095311498,0.79451287793953,0.79451287793953
6064,1.0890396,0.795758928571429,0.795758928571429
4931,1.086885819,0.795758928571429,0.795758928571429
2610,1.085529906,0.795758928571429,0.795758928571429
4372,1.077118909,0.797101449275362,0.797101449275362
2236,1.067460284,0.800668151447661,0.800668151447661
1984,1.062326672,0.802558398220245,0.802558398220245
2240,1.048599333,0.805771365149833,0.805771365149833
6289,1.044726061,0.805771365149833,0.805771365149833
8013,1.042095943,0.806969026548673,0.806969026548673
3743,1.041804157,0.806969026548673,0.806969026548673
3329,1.03990041,0.806969026548673,0.806969026548673
3913,1.036273545,0.807734806629834,0.807734806629834
2694,1.033257713,0.80794701986755,0.80794701986755
5875,1.026728945,0.808069792802617,0.808069792802617
3612,1.026092041,0.808069792802617,0.808069792802617
5413,1.01599956,0.808069792802617,0.808069792802617
4982,1.014798142,0.808069792802617,0.808069792802617
3670,1.014578017,0.808069792802617,0.808069792802617
3056,1.014295164,0.808069792802617,0.808069792802617
2589,1.012753935,0.808069792802617,0.808069792802617
4251,1.011200331,0.808069792802617,0.808069792802617
2606,1.006868103,0.808069792802617,0.808069792802617
2547,1.003921963,0.808069792802617,0.808069792802617
3723,1.001993638,0.808069792802617,0.808069792802617
3979,0.9914637,0.809935205183585,0.809935205183585
4163,0.989026222,0.809935205183585,0.809935205183585
4294,0.988789151,0.809935205183585,0.809935205183585
4022,0.987293505,0.809935205183585,0.809935205183585
3625,0.984258937,0.809935205183585,0.809935205183585
2013,0.981782319,0.809935205183585,0.809935205183585
4945,0.97756338,0.809935205183585,0.809935205183585
5400,0.977361338,0.809935205183585,0.809935205183585
6125,0.975961993,0.809935205183585,0.809935205183585
5233,0.969756602,0.811218985976268,0.811218985976268
6436,0.965776753,0.811625403659849,0.811625403659849
1753,0.96520716,0.811625403659849,0.811625403659849
4951,0.960153784,0.811827956989247,0.811827956989247
6983,0.9537195,0.812567132116004,0.812567132116004
5541,0.94929165,0.814377682403433,0.814377682403433
5886,0.946625722,0.815648445873526,0.815648445873526
2132,0.932471645,0.821199143468951,0.821199143468951
5246,0.92681339,0.823529411764706,0.823529411764706
5299,0.924460338,0.824439701173959,0.824439701173959
2585,0.922741136,0.824439701173959,0.824439701173959
3083,0.919110275,0.825026511134677,0.825026511134677
2691,0.916705261,0.825026511134677,0.825026511134677
5025,0.913917922,0.825026511134677,0.825026511134677
7408,0.913134973,0.825026511134677,0.825026511134677
3208,0.912918132,0.825026511134677,0.825026511134677
5760,0.910699084,0.825026511134677,0.825026511134677
3861,0.906749965,0.825741525423729,0.825741525423729
1755,0.901595115,0.826455026455026,0.826455026455026
4142,0.895967223,0.827004219409283,0.827004219409283
6725,0.88927228,0.827004219409283,0.827004219409283
3450,0.88812614,0.827004219409283,0.827004219409283
4333,0.884925615,0.828240252897787,0.828240252897787
3772,0.881695584,0.828421052631579,0.828421052631579
5190,0.875130756,0.830882352941177,0.830882352941177
2897,0.871442424,0.830882352941177,0.830882352941177
6443,0.863361862,0.832109129066107,0.832109129066107
2321,0.854875101,0.835953878406709,0.835953878406709
7557,0.852357679,0.836125654450262,0.836125654450262
6170,0.849255837,0.836297071129707,0.836297071129707
2646,0.840863104,0.838726513569937,0.838726513569937
4972,0.838254775,0.838726513569937,0.838726513569937
4546,0.835772096,0.838894681960375,0.838894681960375
2243,0.833185201,0.839583333333333,0.839583333333333
2225,0.824691175,0.84229576008273,0.84229576008273
4858,0.82265111,0.84229576008273,0.84229576008273
4892,0.819727855,0.84229576008273,0.84229576008273
4081,0.814282236,0.84229576008273,0.84229576008273
5561,0.813348738,0.84229576008273,0.84229576008273
7795,0.813122737,0.84229576008273,0.84229576008273
1666,0.808381337,0.84229576008273,0.84229576008273
5519,0.803843167,0.843106995884774,0.843106995884774
6244,0.802769078,0.843106995884774,0.843106995884774
2391,0.801859976,0.843106995884774,0.843106995884774
5259,0.799770757,0.843106995884774,0.843106995884774
3171,0.797909651,0.843106995884774,0.843106995884774
6239,0.788804679,0.846980552712385,0.846980552712385
1831,0.787245252,0.846980552712385,0.846980552712385
4211,0.77925402,0.846980552712385,0.846980552712385
3052,0.77913909,0.846980552712385,0.846980552712385
2555,0.778374535,0.846980552712385,0.846980552712385
4829,0.76599425,0.848114169215087,0.848114169215087
3260,0.764701386,0.848114169215087,0.848114169215087
4100,0.757920939,0.848114169215087,0.848114169215087
4262,0.756696492,0.848114169215087,0.848114169215087
1752,0.755371626,0.848423194303154,0.848423194303154
3782,0.753698423,0.848423194303154,0.848423194303154
3058,0.747992118,0.848884381338742,0.848884381338742
4870,0.744626171,0.848884381338742,0.848884381338742
3126,0.742789564,0.848884381338742,0.848884381338742
1850,0.737627233,0.850557244174265,0.850557244174265
6477,0.727471498,0.853238866396761,0.853238866396761
2819,0.719713078,0.855915065722953,0.855915065722953
1816,0.711236724,0.858793969849246,0.858793969849246
3244,0.708933218,0.858793969849246,0.858793969849246
4851,0.704824491,0.858793969849246,0.858793969849246
2830,0.702819665,0.858793969849246,0.858793969849246
1847,0.70277366,0.858793969849246,0.858793969849246
6398,0.702235113,0.858793969849246,0.858793969849246
4220,0.694891645,0.859437751004016,0.859437751004016
3085,0.688027987,0.862086258776329,0.862086258776329
4029,0.680987683,0.864228456913828,0.864228456913828
7882,0.669898869,0.866366366366366,0.866366366366366
2740,0.655415186,0.8678963110668,0.8678963110668
2539,0.650677782,0.8678963110668,0.8678963110668
2597,0.649515511,0.8678963110668,0.8678963110668
2474,0.647807831,0.8678963110668,0.8678963110668
4696,0.635715479,0.871144278606965,0.871144278606965
3365,0.63526332,0.871144278606965,0.871144278606965
5113,0.620810551,0.875,0.875
1798,0.618538344,0.875,0.875
3653,0.617226754,0.875,0.875
6155,0.606263392,0.878712871287129,0.878712871287129
3888,0.604781976,0.878712871287129,0.878712871287129
2443,0.59500559,0.881800197823937,0.881800197823937
4818,0.58829782,0.883823529411765,0.883823529411765
8006,0.587398351,0.883823529411765,0.883823529411765
1784,0.580249062,0.883823529411765,0.883823529411765
2603,0.574524472,0.883823529411765,0.883823529411765
4044,0.572220241,0.883823529411765,0.883823529411765
5520,0.565916755,0.883823529411765,0.883823529411765
2679,0.565340095,0.883823529411765,0.883823529411765
6692,0.564518759,0.883823529411765,0.883823529411765
6834,0.563633775,0.883823529411765,0.883823529411765
7381,0.558766892,0.88394584139265,0.88394584139265
5402,0.55668224,0.88394584139265,0.88394584139265
2904,0.549595374,0.88394584139265,0.88394584139265
3311,0.546053611,0.88394584139265,0.88394584139265
5604,0.542245232,0.88394584139265,0.88394584139265
2538,0.541558572,0.88394584139265,0.88394584139265
7793,0.540104143,0.88394584139265,0.88394584139265
4500,0.539144236,0.88394584139265,0.88394584139265
5547,0.526272227,0.88394584139265,0.88394584139265
5089,0.525467603,0.88394584139265,0.88394584139265
2246,0.522789,0.88394584139265,0.88394584139265
7478,0.521437833,0.88394584139265,0.88394584139265
2359,0.52100231,0.88394584139265,0.88394584139265
2296,0.519599207,0.88394584139265,0.88394584139265
2224,0.510203181,0.887548262548263,0.887548262548263
3933,0.509274804,0.887548262548263,0.887548262548263
6403,0.506472244,0.887656702025072,0.887656702025072
3176,0.499693528,0.889048991354467,0.889048991354467
4868,0.49472518,0.889048991354467,0.889048991354467
3338,0.492918996,0.889048991354467,0.889048991354467
3692,0.490672451,0.889048991354467,0.889048991354467
5934,0.486948956,0.889635316698656,0.889635316698656
6355,0.4779955,0.89117929050815,0.89117929050815
6386,0.472009411,0.89272030651341,0.89272030651341
3821,0.455795485,0.894837476099426,0.894837476099426
6143,0.454082084,0.894837476099426,0.894837476099426
5425,0.431812361,0.900286259541985,0.900286259541985
4374,0.427981567,0.900286259541985,0.900286259541985
4094,0.420581135,0.900381315538608,0.900381315538608
6297,0.416249354,0.901428571428571,0.901428571428571
4295,0.413797655,0.901522359657469,0.901522359657469
4800,0.406579898,0.902091254752852,0.902091254752852
4801,0.396413976,0.902369668246445,0.902369668246445
4344,0.390800584,0.902369668246445,0.902369668246445
2265,0.390096253,0.902369668246445,0.902369668246445
7032,0.385648103,0.902542372881356,0.902542372881356
6473,0.379849365,0.902542372881356,0.902542372881356
2919,0.3742874,0.902542372881356,0.902542372881356
2524,0.373730481,0.902542372881356,0.902542372881356
7654,0.368175883,0.902542372881356,0.902542372881356
5343,0.366719443,0.902542372881356,0.902542372881356
5627,0.363741849,0.902542372881356,0.902542372881356
7863,0.35595255,0.904985888993415,0.904985888993415
6435,0.345479818,0.908364661654135,0.908364661654135
2615,0.340180743,0.908920187793427,0.908920187793427
4935,0.332328554,0.910965323336457,0.910965323336457
4594,0.331040374,0.910965323336457,0.910965323336457
7789,0.329639093,0.911516853932584,0.911516853932584
7802,0.319147992,0.913184772516249,0.913184772516249
2810,0.318189125,0.913184772516249,0.913184772516249
5766,0.315436483,0.913184772516249,0.913184772516249
5903,0.313868019,0.913184772516249,0.913184772516249
6302,0.301857681,0.913184772516249,0.913184772516249
6311,0.301770665,0.913184772516249,0.913184772516249
2237,0.291653897,0.913184772516249,0.913184772516249
2637,0.288851881,0.913184772516249,0.913184772516249
5463,0.287965142,0.913184772516249,0.913184772516249
2875,0.284369307,0.91390423572744,0.91390423572744
5054,0.281624549,0.91390423572744,0.91390423572744
4389,0.278931698,0.91390423572744,0.91390423572744
7604,0.278929222,0.91390423572744,0.91390423572744
4385,0.272581566,0.91390423572744,0.91390423572744
6703,0.27228067,0.91390423572744,0.91390423572744
5443,0.271168351,0.91390423572744,0.91390423572744
4655,0.265870925,0.91390423572744,0.91390423572744
1892,0.262505206,0.91390423572744,0.91390423572744
2681,0.257911463,0.91444342226311,0.91444342226311
3008,0.24965903,0.914491449144914,0.914491449144914
5588,0.243924806,0.914491449144914,0.914491449144914
5155,0.242831048,0.914491449144914,0.914491449144914
2609,0.236660372,0.914491449144914,0.914491449144914
6048,0.231312331,0.914491449144914,0.914491449144914
4802,0.229238537,0.914491449144914,0.914491449144914
3871,0.223550896,0.914491449144914,0.914491449144914
2775,0.221976161,0.914491449144914,0.914491449144914
7587,0.221324294,0.914491449144914,0.914491449144914
5323,0.21774386,0.914491449144914,0.914491449144914
7881,0.217037458,0.914491449144914,0.914491449144914
4231,0.217023142,0.914491449144914,0.914491449144914
3618,0.215419078,0.914491449144914,0.914491449144914
6671,0.214403974,0.914491449144914,0.914491449144914
2025,0.214104527,0.914491449144914,0.914491449144914
6159,0.208462328,0.914491449144914,0.914491449144914
3910,0.206209615,0.914491449144914,0.914491449144914
4564,0.199588135,0.914491449144914,0.914491449144914
3269,0.196044005,0.914491449144914,0.914491449144914
3292,0.190691508,0.914491449144914,0.914491449144914
8001,0.190553419,0.914491449144914,0.914491449144914
4877,0.189542326,0.914491449144914,0.914491449144914
5459,0.185733088,0.914491449144914,0.914491449144914
7734,0.176388853,0.914491449144914,0.914491449144914
1759,0.163552451,0.915770609318996,0.915770609318996
6191,0.16139456,0.915770609318996,0.915770609318996
2942,0.160009398,0.915770609318996,0.915770609318996
3006,0.155773284,0.915770609318996,0.915770609318996
3100,0.152901375,0.915770609318996,0.915770609318996
4305,0.14852517,0.915846016114593,0.915846016114593
2223,0.143380452,0.91607460035524,0.91607460035524
2378,0.140698948,0.91607460035524,0.91607460035524
6347,0.138178942,0.91607460035524,0.91607460035524
3954,0.134018252,0.91607460035524,0.91607460035524
4037,0.131825371,0.91607460035524,0.91607460035524
3121,0.129039828,0.91607460035524,0.91607460035524
2917,0.128827687,0.91607460035524,0.91607460035524
2558,0.127193647,0.91607460035524,0.91607460035524
2529,0.125875506,0.91607460035524,0.91607460035524
2429,0.116983389,0.916519434628975,0.916519434628975
4417,0.107814094,0.916519434628975,0.916519434628975
5214,0.103984986,0.916519434628975,0.916519434628975
4253,0.103463862,0.916519434628975,0.916519434628975
6706,0.100942644,0.916519434628975,0.916519434628975
2341,0.100614009,0.916519434628975,0.916519434628975
2235,0.093310555,0.917032484635645,0.917032484635645
3343,0.089964479,0.917032484635645,0.917032484635645
3217,0.083498676,0.917032484635645,0.917032484635645
5107,0.079732629,0.917032484635645,0.917032484635645
2911,0.073054899,0.917032484635645,0.917032484635645
2369,0.072303782,0.917032484635645,0.917032484635645
1959,0.070103613,0.917032484635645,0.917032484635645
5610,0.068035917,0.917105263157895,0.917105263157895
5649,0.057825706,0.917667238421955,0.917667238421955
7389,0.056496581,0.917667238421955,0.917667238421955
2611,0.054376337,0.917667238421955,0.917667238421955
7794,0.049332414,0.917667238421955,0.917667238421955
3603,0.046464518,0.917667238421955,0.917667238421955
3237,0.037889329,0.917667238421955,0.917667238421955
3724,0.034800181,0.917667238421955,0.917667238421955
2880,0.029423018,0.917667238421955,0.917667238421955
2016,0.027580531,0.917667238421955,0.917667238421955
5868,0.025427059,0.917667238421955,0.917667238421955
4392,0.022491767,0.917667238421955,0.917667238421955
4893,0.022234339,0.917667238421955,0.917667238421955
5492,0.020370601,0.917667238421955,0.917667238421955
7698,0.019037239,0.917667238421955,0.917667238421955
5045,0.010896955,0.917667238421955,0.917667238421955
3705,0.005841282,0.917667238421955,0.917667238421955
4370,0.001067939,0.917667238421955,0.917667238421955
4501,-0.000251818,0.917667238421955,0.917667238421955
3027,-0.00677828,0.917667238421955,0.917667238421955
3850,-0.008318215,0.917667238421955,0.917667238421955
2838,-0.015211332,0.917667238421955,0.917667238421955
3632,-0.019650414,0.917667238421955,0.917667238421955
6827,-0.020701789,0.917667238421955,0.917667238421955
7517,-0.022474149,0.917667238421955,0.917667238421955
6919,-0.027016317,0.917667238421955,0.917667238421955
3175,-0.0276912,0.917667238421955,0.917667238421955
3024,-0.047260845,0.919354838709677,0.919354838709677
2849,-0.05851333,0.919354838709677,0.919354838709677
4318,-0.059140276,0.919354838709677,0.919354838709677
4785,-0.060542222,0.919354838709677,0.919354838709677
6748,-0.060976832,0.919354838709677,0.919354838709677
4300,-0.061949823,0.919354838709677,0.919354838709677
6605,-0.069496417,0.919354838709677,0.919354838709677
2596,-0.071411021,0.919354838709677,0.919354838709677
4973,-0.072374542,0.919354838709677,0.919354838709677
5302,-0.073125326,0.919354838709677,0.919354838709677
2781,-0.077984202,0.919354838709677,0.919354838709677
3178,-0.081074257,0.919354838709677,0.919354838709677
5626,-0.099258915,0.922979797979798,0.922979797979798
3528,-0.105319053,0.922979797979798,0.922979797979798
4980,-0.105969102,0.922979797979798,0.922979797979798
5703,-0.112868313,0.922979797979798,0.922979797979798
2018,-0.114853748,0.922979797979798,0.922979797979798
6772,-0.115993055,0.922979797979798,0.922979797979798
3953,-0.117553992,0.922979797979798,0.922979797979798
3415,-0.125314347,0.922979797979798,0.922979797979798
3161,-0.128667712,0.922979797979798,0.922979797979798
1775,-0.13187615,0.922979797979798,0.922979797979798
5977,-0.135902563,0.923109243697479,0.923109243697479
2839,-0.136160378,0.923109243697479,0.923109243697479
5796,-0.154229151,0.926188490408674,0.926188490408674
4363,-0.154963235,0.926188490408674,0.926188490408674
7581,-0.157333141,0.926188490408674,0.926188490408674
6594,-0.169873024,0.926188490408674,0.926188490408674
7878,-0.1722026,0.926188490408674,0.926188490408674
5981,-0.173169654,0.926188490408674,0.926188490408674
2770,-0.173698958,0.926188490408674,0.926188490408674
4854,-0.17456217,0.926188490408674,0.926188490408674
4315,-0.178229087,0.926188490408674,0.926188490408674
1818,-0.183950796,0.927976686094921,0.927976686094921
3413,-0.191320762,0.927976686094921,0.927976686094921
4853,-0.210280253,0.929933665008292,0.929933665008292
5535,-0.210649934,0.929933665008292,0.929933665008292
3397,-0.212195864,0.929933665008292,0.929933665008292
2499,-0.213385191,0.929933665008292,0.929933665008292
5805,-0.217120037,0.929933665008292,0.929933665008292
4869,-0.222181465,0.930405965202983,0.930405965202983
5451,-0.230424907,0.931348221670802,0.931348221670802
2518,-0.23070559,0.931348221670802,0.931348221670802
5931,-0.267926275,0.940545004128819,0.940545004128819
4697,-0.270019559,0.940545004128819,0.940545004128819
3688,-0.285291926,0.941831683168317,0.941831683168317
6236,-0.298270863,0.942023026315789,0.942023026315789
3546,-0.303406024,0.942023026315789,0.942023026315789
2289,-0.306239045,0.942023026315789,0.942023026315789
6613,-0.307865138,0.942023026315789,0.942023026315789
2726,-0.322156421,0.943541835905768,0.943541835905768
7467,-0.337477032,0.943541835905768,0.943541835905768
4722,-0.347295856,0.943541835905768,0.943541835905768
5847,-0.348757812,0.943541835905768,0.943541835905768
3982,-0.348799249,0.943541835905768,0.943541835905768
7562,-0.357154702,0.943541835905768,0.943541835905768
4888,-0.360623135,0.943541835905768,0.943541835905768
3623,-0.366316659,0.943541835905768,0.943541835905768
2831,-0.366797503,0.943541835905768,0.943541835905768
7367,-0.377918095,0.943541835905768,0.943541835905768
2294,-0.384963113,0.943541835905768,0.943541835905768
4133,-0.387007158,0.943541835905768,0.943541835905768
1945,-0.38863255,0.943541835905768,0.943541835905768
5567,-0.394199962,0.943541835905768,0.943541835905768
3839,-0.395284447,0.943541835905768,0.943541835905768
4195,-0.405594263,0.944399350649351,0.944399350649351
5114,-0.409505378,0.9448499594485,0.9448499594485
4388,-0.411683835,0.945299837925446,0.945299837925446
2905,-0.420551133,0.947411003236246,0.947411003236246
3324,-0.430348904,0.947411003236246,0.947411003236246
5662,-0.448184854,0.947707160096541,0.947707160096541
2222,-0.451242383,0.947707160096541,0.947707160096541
3073,-0.452133886,0.947707160096541,0.947707160096541
3525,-0.454606161,0.947707160096541,0.947707160096541
6190,-0.461109078,0.947707160096541,0.947707160096541
7868,-0.46171487,0.947707160096541,0.947707160096541
6286,-0.465962961,0.947707160096541,0.947707160096541
5504,-0.48407466,0.95096463022508,0.95096463022508
3576,-0.494104898,0.952208835341365,0.952208835341365
6363,-0.501322636,0.952648475120385,0.952648475120385
5600,-0.518186385,0.953963170536429,0.953963170536429
4554,-0.522461318,0.953963170536429,0.953963170536429
1853,-0.528942654,0.953963170536429,0.953963170536429
3485,-0.543129451,0.9564,0.9564
3251,-0.548784833,0.957633892885691,0.957633892885691
5957,-0.567314623,0.961661341853035,0.961661341853035
2482,-0.578262391,0.962889066241022,0.962889066241022
7661,-0.590988655,0.963124504361618,0.963124504361618
4784,-0.597108053,0.963124504361618,0.963124504361618
6638,-0.602212945,0.963124504361618,0.963124504361618
6421,-0.602400345,0.963124504361618,0.963124504361618
7333,-0.604381809,0.963124504361618,0.963124504361618
5036,-0.604670168,0.963124504361618,0.963124504361618
3745,-0.605464294,0.963124504361618,0.963124504361618
4883,-0.611735838,0.963124504361618,0.963124504361618
7361,-0.632829573,0.963443396226415,0.963443396226415
6492,-0.643018856,0.963443396226415,0.963443396226415
7424,-0.64323508,0.963443396226415,0.963443396226415
6085,-0.659256179,0.963443396226415,0.963443396226415
3167,-0.659614465,0.963443396226415,0.963443396226415
5369,-0.662690794,0.963443396226415,0.963443396226415
4514,-0.666332711,0.963443396226415,0.963443396226415
2567,-0.66997387,0.963443396226415,0.963443396226415
5663,-0.671515976,0.963443396226415,0.963443396226415
4639,-0.675303749,0.963443396226415,0.963443396226415
4393,-0.680146432,0.963443396226415,0.963443396226415
4373,-0.685182975,0.963864886095837,0.963864886095837
4881,-0.725082825,0.966614906832298,0.966614906832298
5810,-0.736492037,0.966614906832298,0.966614906832298
5705,-0.755691651,0.966614906832298,0.966614906832298
5464,-0.757024442,0.966614906832298,0.966614906832298
2394,-0.770761757,0.966614906832298,0.966614906832298
2424,-0.777436973,0.966614906832298,0.966614906832298
6471,-0.78106232,0.966614906832298,0.966614906832298
7471,-0.782584408,0.966614906832298,0.966614906832298
3395,-0.785308689,0.966614906832298,0.966614906832298
2517,-0.788668229,0.966614906832298,0.966614906832298
6731,-0.790128522,0.966614906832298,0.966614906832298
6640,-0.799177624,0.966614906832298,0.966614906832298
3715,-0.810252417,0.966614906832298,0.966614906832298
6659,-0.810414064,0.966614906832298,0.966614906832298
5963,-0.814521541,0.966614906832298,0.966614906832298
2940,-0.828630255,0.967804499612102,0.967804499612102
3602,-0.86800216,0.974438419829589,0.974438419829589
4828,-0.875679432,0.974438419829589,0.974438419829589
4787,-0.892578071,0.97561919504644,0.97561919504644
4644,-0.921731255,0.976905311778291,0.976905311778291
2683,-0.929244662,0.976905311778291,0.976905311778291
5256,-0.930348852,0.976905311778291,0.976905311778291
2159,-0.940930063,0.976905311778291,0.976905311778291
6011,-0.943182236,0.976905311778291,0.976905311778291
2198,-0.951364625,0.976905311778291,0.976905311778291
7481,-0.952574806,0.976905311778291,0.976905311778291
7465,-0.962670301,0.976923076923077,0.976923076923077
3489,-0.999601439,0.980429777436685,0.980429777436685
2896,-1.003604411,0.980429777436685,0.980429777436685
6986,-1.00382832,0.980429777436685,0.980429777436685
3791,-1.008500528,0.980444785276074,0.980444785276074
4293,-1.029092256,0.981992337164751,0.981992337164751
5890,-1.041269486,0.982019892884468,0.982019892884468
7524,-1.043824624,0.982019892884468,0.982019892884468
5154,-1.054197327,0.982033639143731,0.982033639143731
3919,-1.065518095,0.982811306340718,0.982811306340718
5802,-1.087318491,0.983218916857361,0.983218916857361
6862,-1.090691778,0.983218916857361,0.983218916857361
1852,-1.105799958,0.983637747336377,0.983637747336377
3759,-1.109077824,0.983637747336377,0.983637747336377
4375,-1.1112252,0.983637747336377,0.983637747336377
2791,-1.118354685,0.984882842025699,0.984882842025699
5617,-1.134278176,0.984882842025699,0.984882842025699
3252,-1.137597147,0.984882842025699,0.984882842025699
4164,-1.146163088,0.984882842025699,0.984882842025699
2677,-1.148430198,0.984882842025699,0.984882842025699
6995,-1.14890637,0.984882842025699,0.984882842025699
6278,-1.161249079,0.984882842025699,0.984882842025699
3614,-1.170402251,0.984882842025699,0.984882842025699
2888,-1.183971552,0.984882842025699,0.984882842025699
6124,-1.208475755,0.985401459854015,0.985401459854015
5589,-1.213295107,0.985401459854015,0.985401459854015
4763,-1.217188787,0.985401459854015,0.985401459854015
7891,-1.254703931,0.985401459854015,0.985401459854015
6654,-1.26029659,0.985401459854015,0.985401459854015
3710,-1.264140362,0.985401459854015,0.985401459854015
5936,-1.268860546,0.985401459854015,0.985401459854015
7809,-1.270867416,0.985401459854015,0.985401459854015
4928,-1.275495631,0.985401459854015,0.985401459854015
6058,-1.299402471,0.985401459854015,0.985401459854015
5928,-1.300235161,0.985401459854015,0.985401459854015
3712,-1.302888918,0.985401459854015,0.985401459854015
5368,-1.30291789,0.985401459854015,0.985401459854015
6034,-1.303627976,0.985401459854015,0.985401459854015
3430,-1.305321054,0.985401459854015,0.985401459854015
4386,-1.305766116,0.985401459854015,0.985401459854015
4648,-1.306031947,0.985401459854015,0.985401459854015
7515,-1.311910179,0.985401459854015,0.985401459854015
6633,-1.320505833,0.985401459854015,0.985401459854015
5637,-1.329394828,0.985401459854015,0.985401459854015
7655,-1.339038616,0.985401459854015,0.985401459854015
6352,-1.370168959,0.985401459854015,0.985401459854015
6172,-1.378052872,0.985401459854015,0.985401459854015
6438,-1.38523795,0.985401459854015,0.985401459854015
3387,-1.396898365,0.985401459854015,0.985401459854015
6836,-1.404596329,0.985401459854015,0.985401459854015
5952,-1.413076355,0.985401459854015,0.985401459854015
4952,-1.422908796,0.985401459854015,0.985401459854015
6037,-1.42622603,0.985401459854015,0.985401459854015
4704,-1.430288924,0.985401459854015,0.985401459854015
5616,-1.431976491,0.985401459854015,0.985401459854015
5318,-1.466096323,0.985401459854015,0.985401459854015
3560,-1.472201309,0.985401459854015,0.985401459854015
5845,-1.474775241,0.985401459854015,0.985401459854015
7500,-1.475163828,0.985401459854015,0.985401459854015
6873,-1.479098433,0.985401459854015,0.985401459854015
5493,-1.47978485,0.985401459854015,0.985401459854015
6975,-1.482669103,0.985401459854015,0.985401459854015
4900,-1.483347763,0.985401459854015,0.985401459854015
4442,-1.485890712,0.985401459854015,0.985401459854015
7808,-1.498412704,0.985401459854015,0.985401459854015
3220,-1.510929271,0.985401459854015,0.985401459854015
5386,-1.521141877,0.985401459854015,0.985401459854015
6705,-1.52900445,0.985401459854015,0.985401459854015
4924,-1.533232731,0.985401459854015,0.985401459854015
6925,-1.538370236,0.985401459854015,0.985401459854015
7377,-1.543310098,0.985401459854015,0.985401459854015
5332,-1.572418608,0.987600291757841,0.987600291757841
6103,-1.58160939,0.987609329446064,0.987609329446064
3229,-1.585322974,0.987982520029133,0.987982520029133
6802,-1.599124031,0.988060781476122,0.988060781476122
3882,-1.605913171,0.988060781476122,0.988060781476122
2420,-1.606142007,0.988060781476122,0.988060781476122
4384,-1.631888592,0.988060781476122,0.988060781476122
2170,-1.633624672,0.988060781476122,0.988060781476122
4357,-1.644696923,0.988060781476122,0.988060781476122
4914,-1.645082168,0.988060781476122,0.988060781476122
6475,-1.649476614,0.988060781476122,0.988060781476122
4907,-1.650966626,0.988060781476122,0.988060781476122
4983,-1.653243492,0.988069414316703,0.988069414316703
6051,-1.666472958,0.988078034682081,0.988078034682081
5880,-1.675256325,0.989169675090253,0.989169675090253
4934,-1.679402002,0.989538239538239,0.989538239538239
4176,-1.713381158,0.989942528735632,0.989942528735632
5816,-1.724616452,0.989942528735632,0.989942528735632
5378,-1.724889839,0.989942528735632,0.989942528735632
6009,-1.7349923,0.989942528735632,0.989942528735632
1844,-1.7371827,0.989942528735632,0.989942528735632
5865,-1.739687034,0.989942528735632,0.989942528735632
5344,-1.757861734,0.992103374012922,0.992103374012922
1767,-1.764624024,0.992109038737446,0.992109038737446
4669,-1.772175475,0.992114695340502,0.992114695340502
3693,-1.780332797,0.992137240886347,0.992137240886347
7458,-1.788456862,0.992137240886347,0.992137240886347
4429,-1.788473826,0.992137240886347,0.992137240886347
7877,-1.794954436,0.992137240886347,0.992137240886347
5525,-1.803818126,0.992142857142857,0.992142857142857
6803,-1.827458708,0.994293865905849,0.994293865905849
5501,-1.83578357,0.994293865905849,0.994293865905849
6934,-1.846987448,0.994695898161245,0.994695898161245
7650,-1.86475219,0.994695898161245,0.994695898161245
7508,-1.873383154,0.994695898161245,0.994695898161245
5152,-1.87551819,0.994695898161245,0.994695898161245
5621,-1.879663419,0.994695898161245,0.994695898161245
5858,-1.895361763,0.994695898161245,0.994695898161245
5711,-1.899205108,0.994695898161245,0.994695898161245
6341,-1.901260146,0.994695898161245,0.994695898161245
6850,-1.905959694,0.994695898161245,0.994695898161245
5274,-1.92476563,0.994695898161245,0.994695898161245
7594,-1.926875262,0.994695898161245,0.994695898161245
2475,-1.926900547,0.994695898161245,0.994695898161245
2513,-1.937532485,0.995406360424028,0.995406360424028
6451,-1.980445763,0.996835443037975,0.996835443037975
7667,-1.984789251,0.996835443037975,0.996835443037975
3771,-1.996152092,0.996835443037975,0.996835443037975
7741,-2.003101056,0.996835443037975,0.996835443037975
5606,-2.005299798,0.996835443037975,0.996835443037975
6597,-2.005530554,0.996835443037975,0.996835443037975
7511,-2.014196167,0.996835443037975,0.996835443037975
4720,-2.068673334,0.9996996996997,0.9996996996997
3542,-2.071832686,0.9996996996997,0.9996996996997
4350,-2.073546064,0.9996996996997,0.9996996996997
5236,-2.079231911,0.9996996996997,0.9996996996997
1777,-2.080650654,0.9996996996997,0.9996996996997
4451,-2.104166052,0.9996996996997,0.9996996996997
5341,-2.106715678,0.9996996996997,0.9996996996997
7606,-2.108133898,0.9996996996997,0.9996996996997
4326,-2.13152692,0.9996996996997,0.9996996996997
2964,-2.168498957,0.9996996996997,0.9996996996997
4336,-2.219694265,0.9996996996997,0.9996996996997
4797,-2.229971958,0.9996996996997,0.9996996996997
7664,-2.233747475,0.9996996996997,0.9996996996997
6643,-2.236880732,0.9996996996997,0.9996996996997
5618,-2.241034937,0.9996996996997,0.9996996996997
5278,-2.262363035,0.9996996996997,0.9996996996997
7048,-2.291290688,0.9996996996997,0.9996996996997
2673,-2.298736303,0.9996996996997,0.9996996996997
1880,-2.301341273,0.9996996996997,0.9996996996997
7525,-2.303695317,0.9996996996997,0.9996996996997
4647,-2.307599572,0.9996996996997,0.9996996996997
7566,-2.31749274,0.9996996996997,0.9996996996997
4758,-2.328010194,0.9996996996997,0.9996996996997
5628,-2.332891304,0.9996996996997,0.9996996996997
4812,-2.336419505,0.9996996996997,0.9996996996997
7026,-2.343959729,0.9996996996997,0.9996996996997
4457,-2.344993974,0.9996996996997,0.9996996996997
3812,-2.34654895,0.9996996996997,0.9996996996997
5940,-2.358859975,0.9996996996997,0.9996996996997
5611,-2.374425896,0.9996996996997,0.9996996996997
2680,-2.374616388,0.9996996996997,0.9996996996997
4304,-2.380318897,0.9996996996997,0.9996996996997
7662,-2.455235549,0.9996996996997,0.9996996996997
5404,-2.465479813,0.9996996996997,0.9996996996997
5494,-2.477166274,0.9996996996997,0.9996996996997
6453,-2.488638413,0.9996996996997,0.9996996996997
5276,-2.509556939,0.9996996996997,0.9996996996997
5984,-2.51452544,0.9996996996997,0.9996996996997
5408,-2.526809121,0.9996996996997,0.9996996996997
6971,-2.537978056,0.9996996996997,0.9996996996997
5837,-2.548567891,0.9996996996997,0.9996996996997
6349,-2.566905006,0.9996996996997,0.9996996996997
5658,-2.587129721,0.9996996996997,0.9996996996997
4021,-2.591575994,0.9996996996997,0.9996996996997
4767,-2.637153271,0.9996996996997,0.9996996996997
3707,-2.647848609,0.9996996996997,0.9996996996997
4415,-2.671343656,0.9996996996997,0.9996996996997
7738,-2.678911433,0.9996996996997,0.9996996996997
6426,-2.696856195,0.9996996996997,0.9996996996997
4027,-2.697296488,0.9996996996997,0.9996996996997
6794,-2.699385946,0.9996996996997,0.9996996996997
6258,-2.729136916,0.9996996996997,0.9996996996997
6598,-2.753925687,0.9996996996997,0.9996996996997
6577,-2.754835955,0.9996996996997,0.9996996996997
7850,-2.756533645,0.9996996996997,0.9996996996997
7221,-2.766201449,0.9996996996997,0.9996996996997
2468,-2.800055306,0.9996996996997,0.9996996996997
7675,-2.830465419,0.9996996996997,0.9996996996997
5365,-2.844180773,0.9996996996997,0.9996996996997
7608,-3.015163943,0.9996996996997,0.9996996996997
1894,-3.019375128,0.9996996996997,0.9996996996997
5605,-3.04696978,0.9996996996997,0.9996996996997
5227,-3.073045314,0.9996996996997,0.9996996996997
7676,-3.129165394,0.9996996996997,0.9996996996997
3233,-3.152560152,0.9996996996997,0.9996996996997
6551,-3.168232524,0.9996996996997,0.9996996996997
6604,-3.19276978,0.9996996996997,0.9996996996997
7560,-3.218468807,0.9996996996997,0.9996996996997
6348,-3.230332924,0.9996996996997,0.9996996996997
2947,-3.262970508,0.9996996996997,0.9996996996997
5550,-3.289352791,0.9996996996997,0.9996996996997
4744,-3.298420312,0.9996996996997,0.9996996996997
4430,-3.314795744,0.9996996996997,0.9996996996997
7567,-3.356334345,0.9996996996997,0.9996996996997
4494,-3.35649663,0.9996996996997,0.9996996996997
6996,-3.373839592,0.9996996996997,0.9996996996997
5950,-3.379032887,0.9996996996997,0.9996996996997
6881,-3.38428494,0.9996996996997,0.9996996996997
7301,-3.403787243,0.9996996996997,0.9996996996997
7041,-3.405046879,0.9996996996997,0.9996996996997
7573,-3.427279624,0.9996996996997,0.9996996996997
7527,-3.473872482,0.9996996996997,0.9996996996997
7005,-3.479525501,0.9996996996997,0.9996996996997
6923,-3.482618075,0.9996996996997,0.9996996996997
2924,-3.538599243,0.9996996996997,0.9996996996997
7812,-3.546317068,0.9996996996997,0.9996996996997
7578,-3.555802171,0.9996996996997,0.9996996996997
5642,-3.600181302,0.9996996996997,0.9996996996997
6369,-3.633034045,0.9996996996997,0.9996996996997
7564,-3.67209102,0.9996996996997,0.9996996996997
4727,-3.770918255,0.9996996996997,0.9996996996997
5515,-3.857708601,0.9996996996997,0.9996996996997
2415,-3.927711504,0.9996996996997,0.9996996996997
4399,-3.942446692,0.9996996996997,0.9996996996997
7646,-3.976267331,0.9996996996997,0.9996996996997
7502,-4.023881422,0.9996996996997,0.9996996996997
6982,-4.168062087,0.9996996996997,0.9996996996997
2999,-4.194738508,0.9996996996997,0.9996996996997
4737,-4.209232095,0.9996996996997,0.9996996996997
6957,-4.239335773,0.9996996996997,0.9996996996997
7419,-4.258012685,0.9996996996997,0.9996996996997
4423,-4.267754231,0.9996996996997,0.9996996996997
6503,-4.29785108,0.9996996996997,0.9996996996997
6183,-4.320785205,0.9996996996997,0.9996996996997
6981,-4.33753573,0.9996996996997,0.9996996996997
4724,-4.374313101,0.9996996996997,0.9996996996997
3009,-4.374380231,0.9996996996997,0.9996996996997
5523,-4.382417814,0.9996996996997,0.9996996996997
5595,-4.397256935,0.9996996996997,0.9996996996997
7665,-4.487948067,0.9996996996997,0.9996996996997
2946,-4.631080352,0.9996996996997,0.9996996996997
2996,-4.67189628,0.9996996996997,0.9996996996997
6374,-4.728063966,0.9996996996997,0.9996996996997
2952,-4.863785048,0.9996996996997,0.9996996996997
6291,-4.966756681,0.9996996996997,0.9996996996997
4774,-5.004231066,0.9996996996997,0.9996996996997
7651,-5.009168215,0.9996996996997,0.9996996996997
6526,-5.109529277,0.9996996996997,0.9996996996997
4419,-5.117979513,0.9996996996997,0.9996996996997
4742,-5.149164283,0.9996996996997,0.9996996996997
7754,-5.222681882,0.9996996996997,0.9996996996997
5991,-5.228449894,0.9996996996997,0.9996996996997
6432,-5.251330577,0.9996996996997,0.9996996996997
6281,-5.287800387,0.9996996996997,0.9996996996997
7746,-5.382861563,0.9996996996997,0.9996996996997
3035,-5.407538421,0.9996996996997,0.9996996996997
2937,-5.633654253,0.9996996996997,0.9996996996997
2771,-5.669917317,0.9996996996997,0.9996996996997
2925,-5.808162678,0.9996996996997,0.9996996996997
6186,-5.813462692,0.9996996996997,0.9996996996997
5980,-5.840392559,0.9996996996997,0.9996996996997
3674,-5.874643735,0.9996996996997,0.9996996996997
1732,-5.878446132,0.9996996996997,0.9996996996997
7728,-5.895400665,0.9996996996997,0.9996996996997
6537,-6.03543174,0.9996996996997,0.9996996996997
5982,-6.083199726,0.9996996996997,0.9996996996997
3696,-6.083660256,0.9996996996997,0.9996996996997
2722,-6.151783107,0.9996996996997,0.9996996996997
7742,-6.15535183,0.9996996996997,0.9996996996997
7752,-6.169041925,0.9996996996997,0.9996996996997
5879,-6.200566801,0.9996996996997,0.9996996996997
7669,-6.22709217,0.9996996996997,0.9996996996997
3016,-6.234801911,0.9996996996997,0.9996996996997
4764,-6.254151787,0.9996996996997,0.9996996996997
4730,-6.370866377,0.9996996996997,0.9996996996997
3663,-6.375189929,0.9996996996997,0.9996996996997
5870,-6.386837708,0.9996996996997,0.9996996996997
6005,-6.443121643,0.9996996996997,0.9996996996997
7723,-6.499562549,0.9996996996997,0.9996996996997
6194,-6.618682958,0.9996996996997,0.9996996996997
6851,-7.053841439,0.9996996996997,0.9996996996997
6545,-7.068391082,0.9996996996997,0.9996996996997
5866,-7.278393307,0.9996996996997,0.9996996996997
1760,-7.299878263,0.9996996996997,0.9996996996997
1710,-7.314215044,0.9996996996997,0.9996996996997
6534,-7.417092487,0.9996996996997,0.9996996996997
2718,-7.462469426,0.9996996996997,0.9996996996997
5914,-7.465967194,0.9996996996997,0.9996996996997
3014,-7.485927568,0.9996996996997,0.9996996996997
2739,-7.552004224,0.9996996996997,0.9996996996997
3675,-7.576486152,0.9996996996997,0.9996996996997
6041,-7.60521626,0.9996996996997,0.9996996996997
2750,-7.742935348,0.9996996996997,0.9996996996997
3638,-7.756059216,0.9996996996997,0.9996996996997
3558,-7.793375834,0.9996996996997,0.9996996996997
6433,-7.903929258,0.9996996996997,0.9996996996997
2648,-7.957153838,0.9996996996997,0.9996996996997
4076,-7.97757008,0.9996996996997,0.9996996996997
4725,-8.04402648,0.9996996996997,0.9996996996997
6454,-8.094073219,0.9996996996997,0.9996996996997
3033,-8.104464143,0.9996996996997,0.9996996996997
3689,-8.258500497,0.9996996996997,0.9996996996997
6360,-8.28411387,0.9996996996997,0.9996996996997
6227,-8.370452197,0.9996996996997,0.9996996996997
3265,-8.407760414,0.9996996996997,0.9996996996997
6508,-8.443106818,0.9996996996997,0.9996996996997
3636,-8.476039276,0.9996996996997,0.9996996996997
6499,-8.5743863,0.9996996996997,0.9996996996997
6498,-8.609968367,0.9996996996997,0.9996996996997
3658,-8.615646499,0.9996996996997,0.9996996996997
2758,-8.699449049,0.9996996996997,0.9996996996997
6316,-8.699861162,0.9996996996997,0.9996996996997
5476,-8.822820074,0.9996996996997,0.9996996996997
3241,-8.834218403,0.9996996996997,0.9996996996997
3559,-8.849705055,0.9996996996997,0.9996996996997
3136,-8.972333346,0.9996996996997,0.9996996996997
6516,-9.004231098,0.9996996996997,0.9996996996997
6562,-9.016293578,0.9996996996997,0.9996996996997
6494,-9.124049914,0.9996996996997,0.9996996996997
3631,-9.165906567,0.9996996996997,0.9996996996997
6410,-9.20631387,0.9996996996997,0.9996996996997
3139,-9.352995528,0.9996996996997,0.9996996996997
6496,-9.358161154,0.9996996996997,0.9996996996997
3287,-9.360927978,0.9996996996997,0.9996996996997
6993,-9.398598227,0.9996996996997,0.9996996996997
6969,-9.436878882,0.9996996996997,0.9996996996997
3552,-9.496299726,0.9996996996997,0.9996996996997
3045,-9.537916388,0.9996996996997,0.9996996996997
6442,-9.572335258,0.9996996996997,0.9996996996997
6788,-9.605263676,0.9996996996997,0.9996996996997
3545,-9.613340251,0.9996996996997,0.9996996996997
3562,-9.666767728,0.9996996996997,0.9996996996997
6440,-9.676372391,0.9996996996997,0.9996996996997
3064,-9.700833361,0.9996996996997,0.9996996996997
3283,-9.851959453,0.9996996996997,0.9996996996997
5508,-9.861316861,0.9996996996997,0.9996996996997
5490,-9.86371036,0.9996996996997,0.9996996996997
3539,-9.880327216,0.9996996996997,0.9996996996997
3096,-9.952838934,0.9996996996997,0.9996996996997
3051,-9.959026609,0.9996996996997,0.9996996996997
3702,-10.00273244,0.9996996996997,0.9996996996997
4077,-10.01586286,0.9996996996997,0.9996996996997
6226,-10.04909564,0.9996996996997,0.9996996996997
3042,-10.05101293,0.9996996996997,0.9996996996997
6419,-10.06142068,0.9996996996997,0.9996996996997
6766,-10.14915952,0.9996996996997,0.9996996996997
6418,-10.15710163,0.9996996996997,0.9996996996997
6384,-10.19117675,0.9996996996997,0.9996996996997
3143,-10.30687735,0.9996996996997,0.9996996996997
6701,-10.36687717,0.9996996996997,0.9996996996997
3017,-10.37693827,0.9996996996997,0.9996996996997
7889,-10.54684809,0.9996996996997,0.9996996996997
3001,-10.54772161,0.9996996996997,0.9996996996997
6759,-10.60862678,0.9996996996997,0.9996996996997
3133,-10.65537504,0.9996996996997,0.9996996996997
7025,-10.67079857,0.9996996996997,0.9996996996997
6985,-10.78912118,0.9996996996997,0.9996996996997
6804,-10.83090076,0.9996996996997,0.9996996996997
7885,-10.91924808,0.9996996996997,0.9996996996997
3104,-11.1129374,0.9996996996997,0.9996996996997
6990,-11.11764016,0.9996996996997,0.9996996996997
3057,-11.13088699,0.9996996996997,0.9996996996997
3110,-11.32027816,0.9996996996997,0.9996996996997
2723,-11.60486371,0.9996996996997,0.9996996996997
7910,-11.64836898,0.9996996996997,0.9996996996997
7902,-11.68663735,0.9996996996997,0.9996996996997
2747,-12.31288392,0.9996996996997,0.9996996996997
7900,-12.53313424,0.9996996996997,0.9996996996997
7735,-13.08859614,0.9996996996997,0.9996996996997
7884,-13.45239895,0.9996996996997,0.9996996996997
7767,-13.55529007,0.9996996996997,0.9996996996997
7756,-13.61404926,0.9996996996997,0.9996996996997
7896,-13.69274625,0.9996996996997,0.9996996996997
